insert into Friends (FriendID, FriendWhoAdded, FriendBeingAdded, IsAccepted) values (1, 70, 68, false);
insert into Friends (FriendID, FriendWhoAdded, FriendBeingAdded, IsAccepted) values (2, 125, 59, true);
insert into Friends (FriendID, FriendWhoAdded, FriendBeingAdded, IsAccepted) values (3, 41, 82, true);
insert into Friends (FriendID, FriendWhoAdded, FriendBeingAdded, IsAccepted) values (4, 151, 133, false);
insert into Friends (FriendID, FriendWhoAdded, FriendBeingAdded, IsAccepted) values (5, 163, 70, true);
insert into Friends (FriendID, FriendWhoAdded, FriendBeingAdded, IsAccepted) values (6, 44, 51, true);
insert into Friends (FriendID, FriendWhoAdded, FriendBeingAdded, IsAccepted) values (7, 75, 91, true);
insert into Friends (FriendID, FriendWhoAdded, FriendBeingAdded, IsAccepted) values (8, 169, 105, true);
insert into Friends (FriendID, FriendWhoAdded, FriendBeingAdded, IsAccepted) values (9, 58, 24, true);
insert into Friends (FriendID, FriendWhoAdded, FriendBeingAdded, IsAccepted) values (10, 69, 85, true);
insert into Friends (FriendID, FriendWhoAdded, FriendBeingAdded, IsAccepted) values (11, 152, 47, true);
insert into Friends (FriendID, FriendWhoAdded, FriendBeingAdded, IsAccepted) values (12, 157, 24, true);
insert into Friends (FriendID, FriendWhoAdded, FriendBeingAdded, IsAccepted) values (13, 20, 51, true);
insert into Friends (FriendID, FriendWhoAdded, FriendBeingAdded, IsAccepted) values (14, 40, 125, false);
insert into Friends (FriendID, FriendWhoAdded, FriendBeingAdded, IsAccepted) values (15, 85, 124, false);
insert into Friends (FriendID, FriendWhoAdded, FriendBeingAdded, IsAccepted) values (16, 2, 51, true);
insert into Friends (FriendID, FriendWhoAdded, FriendBeingAdded, IsAccepted) values (17, 67, 67, false);
insert into Friends (FriendID, FriendWhoAdded, FriendBeingAdded, IsAccepted) values (18, 114, 154, false);
insert into Friends (FriendID, FriendWhoAdded, FriendBeingAdded, IsAccepted) values (19, 24, 69, false);
insert into Friends (FriendID, FriendWhoAdded, FriendBeingAdded, IsAccepted) values (20, 25, 148, true);
insert into Friends (FriendID, FriendWhoAdded, FriendBeingAdded, IsAccepted) values (21, 10, 130, true);
insert into Friends (FriendID, FriendWhoAdded, FriendBeingAdded, IsAccepted) values (22, 124, 54, false);
insert into Friends (FriendID, FriendWhoAdded, FriendBeingAdded, IsAccepted) values (23, 129, 150, true);
insert into Friends (FriendID, FriendWhoAdded, FriendBeingAdded, IsAccepted) values (24, 4, 80, false);
insert into Friends (FriendID, FriendWhoAdded, FriendBeingAdded, IsAccepted) values (25, 63, 105, false);
insert into Friends (FriendID, FriendWhoAdded, FriendBeingAdded, IsAccepted) values (26, 112, 110, false);
insert into Friends (FriendID, FriendWhoAdded, FriendBeingAdded, IsAccepted) values (27, 25, 43, true);
insert into Friends (FriendID, FriendWhoAdded, FriendBeingAdded, IsAccepted) values (28, 52, 14, false);
insert into Friends (FriendID, FriendWhoAdded, FriendBeingAdded, IsAccepted) values (29, 170, 148, true);
insert into Friends (FriendID, FriendWhoAdded, FriendBeingAdded, IsAccepted) values (30, 110, 82, false);
insert into Friends (FriendID, FriendWhoAdded, FriendBeingAdded, IsAccepted) values (31, 46, 8, true);
insert into Friends (FriendID, FriendWhoAdded, FriendBeingAdded, IsAccepted) values (32, 134, 175, true);
insert into Friends (FriendID, FriendWhoAdded, FriendBeingAdded, IsAccepted) values (33, 119, 21, false);
insert into Friends (FriendID, FriendWhoAdded, FriendBeingAdded, IsAccepted) values (34, 120, 38, true);
insert into Friends (FriendID, FriendWhoAdded, FriendBeingAdded, IsAccepted) values (35, 14, 56, true);
insert into Friends (FriendID, FriendWhoAdded, FriendBeingAdded, IsAccepted) values (36, 147, 87, false);
insert into Friends (FriendID, FriendWhoAdded, FriendBeingAdded, IsAccepted) values (37, 58, 50, false);
insert into Friends (FriendID, FriendWhoAdded, FriendBeingAdded, IsAccepted) values (38, 135, 148, true);
insert into Friends (FriendID, FriendWhoAdded, FriendBeingAdded, IsAccepted) values (39, 17, 35, false);
insert into Friends (FriendID, FriendWhoAdded, FriendBeingAdded, IsAccepted) values (40, 74, 97, true);
insert into Friends (FriendID, FriendWhoAdded, FriendBeingAdded, IsAccepted) values (41, 76, 2, false);
insert into Friends (FriendID, FriendWhoAdded, FriendBeingAdded, IsAccepted) values (42, 123, 128, false);
insert into Friends (FriendID, FriendWhoAdded, FriendBeingAdded, IsAccepted) values (43, 65, 26, false);
insert into Friends (FriendID, FriendWhoAdded, FriendBeingAdded, IsAccepted) values (44, 7, 43, true);
insert into Friends (FriendID, FriendWhoAdded, FriendBeingAdded, IsAccepted) values (45, 175, 57, false);
insert into Friends (FriendID, FriendWhoAdded, FriendBeingAdded, IsAccepted) values (46, 70, 109, true);
insert into Friends (FriendID, FriendWhoAdded, FriendBeingAdded, IsAccepted) values (47, 140, 97, true);
insert into Friends (FriendID, FriendWhoAdded, FriendBeingAdded, IsAccepted) values (48, 116, 145, true);
insert into Friends (FriendID, FriendWhoAdded, FriendBeingAdded, IsAccepted) values (49, 48, 79, true);
insert into Friends (FriendID, FriendWhoAdded, FriendBeingAdded, IsAccepted) values (50, 168, 65, false);
insert into Friends (FriendID, FriendWhoAdded, FriendBeingAdded, IsAccepted) values (51, 157, 95, true);
insert into Friends (FriendID, FriendWhoAdded, FriendBeingAdded, IsAccepted) values (52, 152, 140, true);
insert into Friends (FriendID, FriendWhoAdded, FriendBeingAdded, IsAccepted) values (53, 115, 81, true);
insert into Friends (FriendID, FriendWhoAdded, FriendBeingAdded, IsAccepted) values (54, 168, 60, false);
insert into Friends (FriendID, FriendWhoAdded, FriendBeingAdded, IsAccepted) values (55, 153, 57, false);
insert into Friends (FriendID, FriendWhoAdded, FriendBeingAdded, IsAccepted) values (56, 167, 155, true);
insert into Friends (FriendID, FriendWhoAdded, FriendBeingAdded, IsAccepted) values (57, 133, 134, false);
insert into Friends (FriendID, FriendWhoAdded, FriendBeingAdded, IsAccepted) values (58, 114, 110, false);
insert into Friends (FriendID, FriendWhoAdded, FriendBeingAdded, IsAccepted) values (59, 107, 64, false);
insert into Friends (FriendID, FriendWhoAdded, FriendBeingAdded, IsAccepted) values (60, 166, 88, true);
insert into Friends (FriendID, FriendWhoAdded, FriendBeingAdded, IsAccepted) values (61, 20, 33, false);
insert into Friends (FriendID, FriendWhoAdded, FriendBeingAdded, IsAccepted) values (62, 65, 38, true);
insert into Friends (FriendID, FriendWhoAdded, FriendBeingAdded, IsAccepted) values (63, 150, 11, false);
insert into Friends (FriendID, FriendWhoAdded, FriendBeingAdded, IsAccepted) values (64, 8, 94, false);
insert into Friends (FriendID, FriendWhoAdded, FriendBeingAdded, IsAccepted) values (65, 54, 75, false);
insert into Friends (FriendID, FriendWhoAdded, FriendBeingAdded, IsAccepted) values (66, 25, 23, false);
insert into Friends (FriendID, FriendWhoAdded, FriendBeingAdded, IsAccepted) values (67, 168, 168, true);
insert into Friends (FriendID, FriendWhoAdded, FriendBeingAdded, IsAccepted) values (68, 84, 118, true);
insert into Friends (FriendID, FriendWhoAdded, FriendBeingAdded, IsAccepted) values (69, 142, 24, false);
insert into Friends (FriendID, FriendWhoAdded, FriendBeingAdded, IsAccepted) values (70, 55, 53, true);
insert into Friends (FriendID, FriendWhoAdded, FriendBeingAdded, IsAccepted) values (71, 85, 18, false);
insert into Friends (FriendID, FriendWhoAdded, FriendBeingAdded, IsAccepted) values (72, 147, 139, false);
insert into Friends (FriendID, FriendWhoAdded, FriendBeingAdded, IsAccepted) values (73, 71, 124, true);
insert into Friends (FriendID, FriendWhoAdded, FriendBeingAdded, IsAccepted) values (74, 17, 67, true);
insert into Friends (FriendID, FriendWhoAdded, FriendBeingAdded, IsAccepted) values (75, 127, 118, false);
insert into Friends (FriendID, FriendWhoAdded, FriendBeingAdded, IsAccepted) values (76, 8, 85, true);
insert into Friends (FriendID, FriendWhoAdded, FriendBeingAdded, IsAccepted) values (77, 101, 80, false);
insert into Friends (FriendID, FriendWhoAdded, FriendBeingAdded, IsAccepted) values (78, 65, 131, false);
insert into Friends (FriendID, FriendWhoAdded, FriendBeingAdded, IsAccepted) values (79, 91, 174, false);
insert into Friends (FriendID, FriendWhoAdded, FriendBeingAdded, IsAccepted) values (80, 68, 101, true);
insert into Friends (FriendID, FriendWhoAdded, FriendBeingAdded, IsAccepted) values (81, 41, 23, true);
insert into Friends (FriendID, FriendWhoAdded, FriendBeingAdded, IsAccepted) values (82, 119, 11, false);
insert into Friends (FriendID, FriendWhoAdded, FriendBeingAdded, IsAccepted) values (83, 118, 11, true);
insert into Friends (FriendID, FriendWhoAdded, FriendBeingAdded, IsAccepted) values (84, 132, 88, true);
insert into Friends (FriendID, FriendWhoAdded, FriendBeingAdded, IsAccepted) values (85, 68, 15, false);
insert into Friends (FriendID, FriendWhoAdded, FriendBeingAdded, IsAccepted) values (86, 75, 8, true);
insert into Friends (FriendID, FriendWhoAdded, FriendBeingAdded, IsAccepted) values (87, 172, 132, false);
insert into Friends (FriendID, FriendWhoAdded, FriendBeingAdded, IsAccepted) values (88, 89, 6, true);
insert into Friends (FriendID, FriendWhoAdded, FriendBeingAdded, IsAccepted) values (89, 19, 108, false);
insert into Friends (FriendID, FriendWhoAdded, FriendBeingAdded, IsAccepted) values (90, 116, 14, false);
insert into Friends (FriendID, FriendWhoAdded, FriendBeingAdded, IsAccepted) values (91, 28, 105, false);
insert into Friends (FriendID, FriendWhoAdded, FriendBeingAdded, IsAccepted) values (92, 52, 128, false);
insert into Friends (FriendID, FriendWhoAdded, FriendBeingAdded, IsAccepted) values (93, 147, 50, false);
insert into Friends (FriendID, FriendWhoAdded, FriendBeingAdded, IsAccepted) values (94, 62, 153, false);
insert into Friends (FriendID, FriendWhoAdded, FriendBeingAdded, IsAccepted) values (95, 31, 127, false);
insert into Friends (FriendID, FriendWhoAdded, FriendBeingAdded, IsAccepted) values (96, 4, 44, false);
insert into Friends (FriendID, FriendWhoAdded, FriendBeingAdded, IsAccepted) values (97, 42, 133, false);
insert into Friends (FriendID, FriendWhoAdded, FriendBeingAdded, IsAccepted) values (98, 29, 104, false);
insert into Friends (FriendID, FriendWhoAdded, FriendBeingAdded, IsAccepted) values (99, 173, 105, false);
insert into Friends (FriendID, FriendWhoAdded, FriendBeingAdded, IsAccepted) values (100, 27, 127, true);
insert into Friends (FriendID, FriendWhoAdded, FriendBeingAdded, IsAccepted) values (101, 22, 147, false);
insert into Friends (FriendID, FriendWhoAdded, FriendBeingAdded, IsAccepted) values (102, 67, 143, false);
insert into Friends (FriendID, FriendWhoAdded, FriendBeingAdded, IsAccepted) values (103, 18, 148, false);
insert into Friends (FriendID, FriendWhoAdded, FriendBeingAdded, IsAccepted) values (104, 5, 47, false);
insert into Friends (FriendID, FriendWhoAdded, FriendBeingAdded, IsAccepted) values (105, 1, 130, true);
insert into Friends (FriendID, FriendWhoAdded, FriendBeingAdded, IsAccepted) values (106, 100, 157, true);
insert into Friends (FriendID, FriendWhoAdded, FriendBeingAdded, IsAccepted) values (107, 170, 98, true);
insert into Friends (FriendID, FriendWhoAdded, FriendBeingAdded, IsAccepted) values (108, 98, 7, false);
insert into Friends (FriendID, FriendWhoAdded, FriendBeingAdded, IsAccepted) values (109, 153, 64, false);
insert into Friends (FriendID, FriendWhoAdded, FriendBeingAdded, IsAccepted) values (110, 31, 110, true);
insert into Friends (FriendID, FriendWhoAdded, FriendBeingAdded, IsAccepted) values (111, 149, 145, true);
insert into Friends (FriendID, FriendWhoAdded, FriendBeingAdded, IsAccepted) values (112, 38, 47, false);
insert into Friends (FriendID, FriendWhoAdded, FriendBeingAdded, IsAccepted) values (113, 130, 168, true);
insert into Friends (FriendID, FriendWhoAdded, FriendBeingAdded, IsAccepted) values (114, 111, 19, false);
insert into Friends (FriendID, FriendWhoAdded, FriendBeingAdded, IsAccepted) values (115, 113, 53, true);
insert into Friends (FriendID, FriendWhoAdded, FriendBeingAdded, IsAccepted) values (116, 163, 98, false);
insert into Friends (FriendID, FriendWhoAdded, FriendBeingAdded, IsAccepted) values (117, 137, 171, false);
insert into Friends (FriendID, FriendWhoAdded, FriendBeingAdded, IsAccepted) values (118, 74, 129, false);
insert into Friends (FriendID, FriendWhoAdded, FriendBeingAdded, IsAccepted) values (119, 172, 118, false);
insert into Friends (FriendID, FriendWhoAdded, FriendBeingAdded, IsAccepted) values (120, 165, 52, false);
insert into Friends (FriendID, FriendWhoAdded, FriendBeingAdded, IsAccepted) values (121, 153, 7, false);
insert into Friends (FriendID, FriendWhoAdded, FriendBeingAdded, IsAccepted) values (122, 112, 146, true);
insert into Friends (FriendID, FriendWhoAdded, FriendBeingAdded, IsAccepted) values (123, 11, 13, false);
insert into Friends (FriendID, FriendWhoAdded, FriendBeingAdded, IsAccepted) values (124, 107, 2, false);
insert into Friends (FriendID, FriendWhoAdded, FriendBeingAdded, IsAccepted) values (125, 111, 123, false);
insert into Friends (FriendID, FriendWhoAdded, FriendBeingAdded, IsAccepted) values (126, 73, 29, true);
insert into Friends (FriendID, FriendWhoAdded, FriendBeingAdded, IsAccepted) values (127, 86, 93, false);
insert into Friends (FriendID, FriendWhoAdded, FriendBeingAdded, IsAccepted) values (128, 31, 58, true);
insert into Friends (FriendID, FriendWhoAdded, FriendBeingAdded, IsAccepted) values (129, 161, 150, true);
insert into Friends (FriendID, FriendWhoAdded, FriendBeingAdded, IsAccepted) values (130, 3, 74, false);
insert into Friends (FriendID, FriendWhoAdded, FriendBeingAdded, IsAccepted) values (131, 133, 156, true);
insert into Friends (FriendID, FriendWhoAdded, FriendBeingAdded, IsAccepted) values (132, 19, 34, false);
insert into Friends (FriendID, FriendWhoAdded, FriendBeingAdded, IsAccepted) values (133, 33, 6, true);
insert into Friends (FriendID, FriendWhoAdded, FriendBeingAdded, IsAccepted) values (134, 43, 65, true);
insert into Friends (FriendID, FriendWhoAdded, FriendBeingAdded, IsAccepted) values (135, 94, 123, true);
insert into Friends (FriendID, FriendWhoAdded, FriendBeingAdded, IsAccepted) values (136, 33, 95, true);
insert into Friends (FriendID, FriendWhoAdded, FriendBeingAdded, IsAccepted) values (137, 84, 62, false);
insert into Friends (FriendID, FriendWhoAdded, FriendBeingAdded, IsAccepted) values (138, 13, 83, true);
insert into Friends (FriendID, FriendWhoAdded, FriendBeingAdded, IsAccepted) values (139, 174, 131, false);
insert into Friends (FriendID, FriendWhoAdded, FriendBeingAdded, IsAccepted) values (140, 164, 67, true);
insert into Friends (FriendID, FriendWhoAdded, FriendBeingAdded, IsAccepted) values (141, 68, 25, false);
insert into Friends (FriendID, FriendWhoAdded, FriendBeingAdded, IsAccepted) values (142, 105, 70, true);
insert into Friends (FriendID, FriendWhoAdded, FriendBeingAdded, IsAccepted) values (143, 76, 143, false);
insert into Friends (FriendID, FriendWhoAdded, FriendBeingAdded, IsAccepted) values (144, 69, 104, false);
insert into Friends (FriendID, FriendWhoAdded, FriendBeingAdded, IsAccepted) values (145, 57, 41, true);
insert into Friends (FriendID, FriendWhoAdded, FriendBeingAdded, IsAccepted) values (146, 130, 86, true);
insert into Friends (FriendID, FriendWhoAdded, FriendBeingAdded, IsAccepted) values (147, 9, 10, false);
insert into Friends (FriendID, FriendWhoAdded, FriendBeingAdded, IsAccepted) values (148, 38, 94, false);
insert into Friends (FriendID, FriendWhoAdded, FriendBeingAdded, IsAccepted) values (149, 120, 85, false);
insert into Friends (FriendID, FriendWhoAdded, FriendBeingAdded, IsAccepted) values (150, 152, 162, false);
insert into Friends (FriendID, FriendWhoAdded, FriendBeingAdded, IsAccepted) values (151, 159, 69, true);
insert into Friends (FriendID, FriendWhoAdded, FriendBeingAdded, IsAccepted) values (152, 104, 111, true);
insert into Friends (FriendID, FriendWhoAdded, FriendBeingAdded, IsAccepted) values (153, 16, 166, true);
insert into Friends (FriendID, FriendWhoAdded, FriendBeingAdded, IsAccepted) values (154, 25, 85, true);
insert into Friends (FriendID, FriendWhoAdded, FriendBeingAdded, IsAccepted) values (155, 96, 94, true);
insert into Friends (FriendID, FriendWhoAdded, FriendBeingAdded, IsAccepted) values (156, 10, 19, true);
insert into Friends (FriendID, FriendWhoAdded, FriendBeingAdded, IsAccepted) values (157, 140, 105, false);
insert into Friends (FriendID, FriendWhoAdded, FriendBeingAdded, IsAccepted) values (158, 17, 23, false);
insert into Friends (FriendID, FriendWhoAdded, FriendBeingAdded, IsAccepted) values (159, 38, 91, true);
insert into Friends (FriendID, FriendWhoAdded, FriendBeingAdded, IsAccepted) values (160, 160, 106, false);
insert into Friends (FriendID, FriendWhoAdded, FriendBeingAdded, IsAccepted) values (161, 146, 96, false);
insert into Friends (FriendID, FriendWhoAdded, FriendBeingAdded, IsAccepted) values (162, 22, 117, true);
insert into Friends (FriendID, FriendWhoAdded, FriendBeingAdded, IsAccepted) values (163, 67, 161, true);
insert into Friends (FriendID, FriendWhoAdded, FriendBeingAdded, IsAccepted) values (164, 100, 169, true);
insert into Friends (FriendID, FriendWhoAdded, FriendBeingAdded, IsAccepted) values (165, 50, 104, false);
insert into Friends (FriendID, FriendWhoAdded, FriendBeingAdded, IsAccepted) values (166, 96, 15, true);
insert into Friends (FriendID, FriendWhoAdded, FriendBeingAdded, IsAccepted) values (167, 32, 156, false);
insert into Friends (FriendID, FriendWhoAdded, FriendBeingAdded, IsAccepted) values (168, 146, 122, false);
insert into Friends (FriendID, FriendWhoAdded, FriendBeingAdded, IsAccepted) values (169, 5, 155, true);
insert into Friends (FriendID, FriendWhoAdded, FriendBeingAdded, IsAccepted) values (170, 155, 129, false);
insert into Friends (FriendID, FriendWhoAdded, FriendBeingAdded, IsAccepted) values (171, 92, 61, true);
insert into Friends (FriendID, FriendWhoAdded, FriendBeingAdded, IsAccepted) values (172, 33, 41, true);
insert into Friends (FriendID, FriendWhoAdded, FriendBeingAdded, IsAccepted) values (173, 36, 123, true);
insert into Friends (FriendID, FriendWhoAdded, FriendBeingAdded, IsAccepted) values (174, 49, 61, false);
insert into Friends (FriendID, FriendWhoAdded, FriendBeingAdded, IsAccepted) values (175, 3, 126, false);

--------------------------------------------------------------

insert into GroupMembershipRequests (GroupMembershipRequestsID, GroupID, GroupMemberUserID, IsGroupMemberShipAccepted) values (1, 19, 101, false);
insert into GroupMembershipRequests (GroupMembershipRequestsID, GroupID, GroupMemberUserID, IsGroupMemberShipAccepted) values (2, 33, 172, false);
insert into GroupMembershipRequests (GroupMembershipRequestsID, GroupID, GroupMemberUserID, IsGroupMemberShipAccepted) values (3, 11, 114, false);
insert into GroupMembershipRequests (GroupMembershipRequestsID, GroupID, GroupMemberUserID, IsGroupMemberShipAccepted) values (4, 6, 16, true);
insert into GroupMembershipRequests (GroupMembershipRequestsID, GroupID, GroupMemberUserID, IsGroupMemberShipAccepted) values (5, 33, 157, true);
insert into GroupMembershipRequests (GroupMembershipRequestsID, GroupID, GroupMemberUserID, IsGroupMemberShipAccepted) values (6, 10, 144, true);
insert into GroupMembershipRequests (GroupMembershipRequestsID, GroupID, GroupMemberUserID, IsGroupMemberShipAccepted) values (7, 9, 174, true);
insert into GroupMembershipRequests (GroupMembershipRequestsID, GroupID, GroupMemberUserID, IsGroupMemberShipAccepted) values (8, 14, 85, true);
insert into GroupMembershipRequests (GroupMembershipRequestsID, GroupID, GroupMemberUserID, IsGroupMemberShipAccepted) values (9, 36, 155, true);
insert into GroupMembershipRequests (GroupMembershipRequestsID, GroupID, GroupMemberUserID, IsGroupMemberShipAccepted) values (10, 38, 143, false);
insert into GroupMembershipRequests (GroupMembershipRequestsID, GroupID, GroupMemberUserID, IsGroupMemberShipAccepted) values (11, 26, 46, true);
insert into GroupMembershipRequests (GroupMembershipRequestsID, GroupID, GroupMemberUserID, IsGroupMemberShipAccepted) values (12, 39, 43, false);
insert into GroupMembershipRequests (GroupMembershipRequestsID, GroupID, GroupMemberUserID, IsGroupMemberShipAccepted) values (13, 39, 142, true);
insert into GroupMembershipRequests (GroupMembershipRequestsID, GroupID, GroupMemberUserID, IsGroupMemberShipAccepted) values (14, 22, 107, true);
insert into GroupMembershipRequests (GroupMembershipRequestsID, GroupID, GroupMemberUserID, IsGroupMemberShipAccepted) values (15, 30, 168, true);
insert into GroupMembershipRequests (GroupMembershipRequestsID, GroupID, GroupMemberUserID, IsGroupMemberShipAccepted) values (16, 40, 42, false);
insert into GroupMembershipRequests (GroupMembershipRequestsID, GroupID, GroupMemberUserID, IsGroupMemberShipAccepted) values (17, 26, 92, false);
insert into GroupMembershipRequests (GroupMembershipRequestsID, GroupID, GroupMemberUserID, IsGroupMemberShipAccepted) values (18, 39, 93, true);
insert into GroupMembershipRequests (GroupMembershipRequestsID, GroupID, GroupMemberUserID, IsGroupMemberShipAccepted) values (19, 21, 145, false);
insert into GroupMembershipRequests (GroupMembershipRequestsID, GroupID, GroupMemberUserID, IsGroupMemberShipAccepted) values (20, 23, 141, true);
insert into GroupMembershipRequests (GroupMembershipRequestsID, GroupID, GroupMemberUserID, IsGroupMemberShipAccepted) values (21, 27, 56, false);
insert into GroupMembershipRequests (GroupMembershipRequestsID, GroupID, GroupMemberUserID, IsGroupMemberShipAccepted) values (22, 38, 3, true);
insert into GroupMembershipRequests (GroupMembershipRequestsID, GroupID, GroupMemberUserID, IsGroupMemberShipAccepted) values (23, 7, 109, true);
insert into GroupMembershipRequests (GroupMembershipRequestsID, GroupID, GroupMemberUserID, IsGroupMemberShipAccepted) values (24, 32, 11, false);
insert into GroupMembershipRequests (GroupMembershipRequestsID, GroupID, GroupMemberUserID, IsGroupMemberShipAccepted) values (25, 3, 12, false);
insert into GroupMembershipRequests (GroupMembershipRequestsID, GroupID, GroupMemberUserID, IsGroupMemberShipAccepted) values (26, 40, 88, true);
insert into GroupMembershipRequests (GroupMembershipRequestsID, GroupID, GroupMemberUserID, IsGroupMemberShipAccepted) values (27, 15, 31, true);
insert into GroupMembershipRequests (GroupMembershipRequestsID, GroupID, GroupMemberUserID, IsGroupMemberShipAccepted) values (28, 14, 15, true);
insert into GroupMembershipRequests (GroupMembershipRequestsID, GroupID, GroupMemberUserID, IsGroupMemberShipAccepted) values (29, 32, 4, true);
insert into GroupMembershipRequests (GroupMembershipRequestsID, GroupID, GroupMemberUserID, IsGroupMemberShipAccepted) values (30, 25, 110, false);
insert into GroupMembershipRequests (GroupMembershipRequestsID, GroupID, GroupMemberUserID, IsGroupMemberShipAccepted) values (31, 37, 121, false);
insert into GroupMembershipRequests (GroupMembershipRequestsID, GroupID, GroupMemberUserID, IsGroupMemberShipAccepted) values (32, 34, 85, true);
insert into GroupMembershipRequests (GroupMembershipRequestsID, GroupID, GroupMemberUserID, IsGroupMemberShipAccepted) values (33, 38, 64, false);
insert into GroupMembershipRequests (GroupMembershipRequestsID, GroupID, GroupMemberUserID, IsGroupMemberShipAccepted) values (34, 38, 162, true);
insert into GroupMembershipRequests (GroupMembershipRequestsID, GroupID, GroupMemberUserID, IsGroupMemberShipAccepted) values (35, 29, 44, false);
insert into GroupMembershipRequests (GroupMembershipRequestsID, GroupID, GroupMemberUserID, IsGroupMemberShipAccepted) values (36, 35, 13, true);
insert into GroupMembershipRequests (GroupMembershipRequestsID, GroupID, GroupMemberUserID, IsGroupMemberShipAccepted) values (37, 17, 58, true);
insert into GroupMembershipRequests (GroupMembershipRequestsID, GroupID, GroupMemberUserID, IsGroupMemberShipAccepted) values (38, 40, 14, true);
insert into GroupMembershipRequests (GroupMembershipRequestsID, GroupID, GroupMemberUserID, IsGroupMemberShipAccepted) values (39, 5, 99, false);
insert into GroupMembershipRequests (GroupMembershipRequestsID, GroupID, GroupMemberUserID, IsGroupMemberShipAccepted) values (40, 23, 128, true);
insert into GroupMembershipRequests (GroupMembershipRequestsID, GroupID, GroupMemberUserID, IsGroupMemberShipAccepted) values (41, 20, 173, true);
insert into GroupMembershipRequests (GroupMembershipRequestsID, GroupID, GroupMemberUserID, IsGroupMemberShipAccepted) values (42, 40, 90, false);
insert into GroupMembershipRequests (GroupMembershipRequestsID, GroupID, GroupMemberUserID, IsGroupMemberShipAccepted) values (43, 21, 82, true);
insert into GroupMembershipRequests (GroupMembershipRequestsID, GroupID, GroupMemberUserID, IsGroupMemberShipAccepted) values (44, 8, 16, false);
insert into GroupMembershipRequests (GroupMembershipRequestsID, GroupID, GroupMemberUserID, IsGroupMemberShipAccepted) values (45, 31, 134, false);
insert into GroupMembershipRequests (GroupMembershipRequestsID, GroupID, GroupMemberUserID, IsGroupMemberShipAccepted) values (46, 16, 155, false);
insert into GroupMembershipRequests (GroupMembershipRequestsID, GroupID, GroupMemberUserID, IsGroupMemberShipAccepted) values (47, 16, 37, false);
insert into GroupMembershipRequests (GroupMembershipRequestsID, GroupID, GroupMemberUserID, IsGroupMemberShipAccepted) values (48, 4, 107, false);
insert into GroupMembershipRequests (GroupMembershipRequestsID, GroupID, GroupMemberUserID, IsGroupMemberShipAccepted) values (49, 37, 53, true);
insert into GroupMembershipRequests (GroupMembershipRequestsID, GroupID, GroupMemberUserID, IsGroupMemberShipAccepted) values (50, 29, 113, true);
insert into GroupMembershipRequests (GroupMembershipRequestsID, GroupID, GroupMemberUserID, IsGroupMemberShipAccepted) values (51, 17, 139, true);
insert into GroupMembershipRequests (GroupMembershipRequestsID, GroupID, GroupMemberUserID, IsGroupMemberShipAccepted) values (52, 26, 100, false);
insert into GroupMembershipRequests (GroupMembershipRequestsID, GroupID, GroupMemberUserID, IsGroupMemberShipAccepted) values (53, 10, 74, true);
insert into GroupMembershipRequests (GroupMembershipRequestsID, GroupID, GroupMemberUserID, IsGroupMemberShipAccepted) values (54, 17, 92, true);
insert into GroupMembershipRequests (GroupMembershipRequestsID, GroupID, GroupMemberUserID, IsGroupMemberShipAccepted) values (55, 24, 36, false);
insert into GroupMembershipRequests (GroupMembershipRequestsID, GroupID, GroupMemberUserID, IsGroupMemberShipAccepted) values (56, 3, 61, true);
insert into GroupMembershipRequests (GroupMembershipRequestsID, GroupID, GroupMemberUserID, IsGroupMemberShipAccepted) values (57, 10, 51, false);
insert into GroupMembershipRequests (GroupMembershipRequestsID, GroupID, GroupMemberUserID, IsGroupMemberShipAccepted) values (58, 34, 134, false);
insert into GroupMembershipRequests (GroupMembershipRequestsID, GroupID, GroupMemberUserID, IsGroupMemberShipAccepted) values (59, 33, 138, true);
insert into GroupMembershipRequests (GroupMembershipRequestsID, GroupID, GroupMemberUserID, IsGroupMemberShipAccepted) values (60, 24, 106, true);
insert into GroupMembershipRequests (GroupMembershipRequestsID, GroupID, GroupMemberUserID, IsGroupMemberShipAccepted) values (61, 3, 97, true);
insert into GroupMembershipRequests (GroupMembershipRequestsID, GroupID, GroupMemberUserID, IsGroupMemberShipAccepted) values (62, 5, 109, false);
insert into GroupMembershipRequests (GroupMembershipRequestsID, GroupID, GroupMemberUserID, IsGroupMemberShipAccepted) values (63, 3, 126, false);
insert into GroupMembershipRequests (GroupMembershipRequestsID, GroupID, GroupMemberUserID, IsGroupMemberShipAccepted) values (64, 22, 4, true);
insert into GroupMembershipRequests (GroupMembershipRequestsID, GroupID, GroupMemberUserID, IsGroupMemberShipAccepted) values (65, 28, 127, true);
insert into GroupMembershipRequests (GroupMembershipRequestsID, GroupID, GroupMemberUserID, IsGroupMemberShipAccepted) values (66, 11, 2, true);
insert into GroupMembershipRequests (GroupMembershipRequestsID, GroupID, GroupMemberUserID, IsGroupMemberShipAccepted) values (67, 6, 9, false);
insert into GroupMembershipRequests (GroupMembershipRequestsID, GroupID, GroupMemberUserID, IsGroupMemberShipAccepted) values (68, 5, 170, false);
insert into GroupMembershipRequests (GroupMembershipRequestsID, GroupID, GroupMemberUserID, IsGroupMemberShipAccepted) values (69, 17, 30, false);
insert into GroupMembershipRequests (GroupMembershipRequestsID, GroupID, GroupMemberUserID, IsGroupMemberShipAccepted) values (70, 4, 119, true);
insert into GroupMembershipRequests (GroupMembershipRequestsID, GroupID, GroupMemberUserID, IsGroupMemberShipAccepted) values (71, 39, 95, false);
insert into GroupMembershipRequests (GroupMembershipRequestsID, GroupID, GroupMemberUserID, IsGroupMemberShipAccepted) values (72, 40, 27, false);
insert into GroupMembershipRequests (GroupMembershipRequestsID, GroupID, GroupMemberUserID, IsGroupMemberShipAccepted) values (73, 29, 14, true);
insert into GroupMembershipRequests (GroupMembershipRequestsID, GroupID, GroupMemberUserID, IsGroupMemberShipAccepted) values (74, 40, 74, true);
insert into GroupMembershipRequests (GroupMembershipRequestsID, GroupID, GroupMemberUserID, IsGroupMemberShipAccepted) values (75, 19, 9, true);
insert into GroupMembershipRequests (GroupMembershipRequestsID, GroupID, GroupMemberUserID, IsGroupMemberShipAccepted) values (76, 26, 146, false);
insert into GroupMembershipRequests (GroupMembershipRequestsID, GroupID, GroupMemberUserID, IsGroupMemberShipAccepted) values (77, 28, 175, true);
insert into GroupMembershipRequests (GroupMembershipRequestsID, GroupID, GroupMemberUserID, IsGroupMemberShipAccepted) values (78, 4, 146, false);
insert into GroupMembershipRequests (GroupMembershipRequestsID, GroupID, GroupMemberUserID, IsGroupMemberShipAccepted) values (79, 26, 5, false);
insert into GroupMembershipRequests (GroupMembershipRequestsID, GroupID, GroupMemberUserID, IsGroupMemberShipAccepted) values (80, 21, 135, false);
insert into GroupMembershipRequests (GroupMembershipRequestsID, GroupID, GroupMemberUserID, IsGroupMemberShipAccepted) values (81, 38, 33, false);
insert into GroupMembershipRequests (GroupMembershipRequestsID, GroupID, GroupMemberUserID, IsGroupMemberShipAccepted) values (82, 9, 109, false);
insert into GroupMembershipRequests (GroupMembershipRequestsID, GroupID, GroupMemberUserID, IsGroupMemberShipAccepted) values (83, 31, 55, true);
insert into GroupMembershipRequests (GroupMembershipRequestsID, GroupID, GroupMemberUserID, IsGroupMemberShipAccepted) values (84, 21, 28, false);
insert into GroupMembershipRequests (GroupMembershipRequestsID, GroupID, GroupMemberUserID, IsGroupMemberShipAccepted) values (85, 15, 71, false);
insert into GroupMembershipRequests (GroupMembershipRequestsID, GroupID, GroupMemberUserID, IsGroupMemberShipAccepted) values (86, 16, 104, false);
insert into GroupMembershipRequests (GroupMembershipRequestsID, GroupID, GroupMemberUserID, IsGroupMemberShipAccepted) values (87, 27, 94, false);
insert into GroupMembershipRequests (GroupMembershipRequestsID, GroupID, GroupMemberUserID, IsGroupMemberShipAccepted) values (88, 24, 123, true);
insert into GroupMembershipRequests (GroupMembershipRequestsID, GroupID, GroupMemberUserID, IsGroupMemberShipAccepted) values (89, 21, 92, false);
insert into GroupMembershipRequests (GroupMembershipRequestsID, GroupID, GroupMemberUserID, IsGroupMemberShipAccepted) values (90, 33, 3, true);
insert into GroupMembershipRequests (GroupMembershipRequestsID, GroupID, GroupMemberUserID, IsGroupMemberShipAccepted) values (91, 15, 128, false);
insert into GroupMembershipRequests (GroupMembershipRequestsID, GroupID, GroupMemberUserID, IsGroupMemberShipAccepted) values (92, 19, 150, false);
insert into GroupMembershipRequests (GroupMembershipRequestsID, GroupID, GroupMemberUserID, IsGroupMemberShipAccepted) values (93, 21, 98, false);
insert into GroupMembershipRequests (GroupMembershipRequestsID, GroupID, GroupMemberUserID, IsGroupMemberShipAccepted) values (94, 32, 116, true);
insert into GroupMembershipRequests (GroupMembershipRequestsID, GroupID, GroupMemberUserID, IsGroupMemberShipAccepted) values (95, 5, 15, true);
insert into GroupMembershipRequests (GroupMembershipRequestsID, GroupID, GroupMemberUserID, IsGroupMemberShipAccepted) values (96, 25, 115, true);
insert into GroupMembershipRequests (GroupMembershipRequestsID, GroupID, GroupMemberUserID, IsGroupMemberShipAccepted) values (97, 36, 55, false);
insert into GroupMembershipRequests (GroupMembershipRequestsID, GroupID, GroupMemberUserID, IsGroupMemberShipAccepted) values (98, 20, 175, true);
insert into GroupMembershipRequests (GroupMembershipRequestsID, GroupID, GroupMemberUserID, IsGroupMemberShipAccepted) values (99, 14, 150, false);
insert into GroupMembershipRequests (GroupMembershipRequestsID, GroupID, GroupMemberUserID, IsGroupMemberShipAccepted) values (100, 12, 161, true);
insert into GroupMembershipRequests (GroupMembershipRequestsID, GroupID, GroupMemberUserID, IsGroupMemberShipAccepted) values (101, 5, 99, true);
insert into GroupMembershipRequests (GroupMembershipRequestsID, GroupID, GroupMemberUserID, IsGroupMemberShipAccepted) values (102, 13, 80, false);
insert into GroupMembershipRequests (GroupMembershipRequestsID, GroupID, GroupMemberUserID, IsGroupMemberShipAccepted) values (103, 9, 95, true);
insert into GroupMembershipRequests (GroupMembershipRequestsID, GroupID, GroupMemberUserID, IsGroupMemberShipAccepted) values (104, 33, 85, false);
insert into GroupMembershipRequests (GroupMembershipRequestsID, GroupID, GroupMemberUserID, IsGroupMemberShipAccepted) values (105, 2, 28, false);
insert into GroupMembershipRequests (GroupMembershipRequestsID, GroupID, GroupMemberUserID, IsGroupMemberShipAccepted) values (106, 31, 3, false);
insert into GroupMembershipRequests (GroupMembershipRequestsID, GroupID, GroupMemberUserID, IsGroupMemberShipAccepted) values (107, 17, 85, true);
insert into GroupMembershipRequests (GroupMembershipRequestsID, GroupID, GroupMemberUserID, IsGroupMemberShipAccepted) values (108, 39, 27, true);
insert into GroupMembershipRequests (GroupMembershipRequestsID, GroupID, GroupMemberUserID, IsGroupMemberShipAccepted) values (109, 28, 69, false);
insert into GroupMembershipRequests (GroupMembershipRequestsID, GroupID, GroupMemberUserID, IsGroupMemberShipAccepted) values (110, 33, 144, true);
insert into GroupMembershipRequests (GroupMembershipRequestsID, GroupID, GroupMemberUserID, IsGroupMemberShipAccepted) values (111, 3, 23, false);
insert into GroupMembershipRequests (GroupMembershipRequestsID, GroupID, GroupMemberUserID, IsGroupMemberShipAccepted) values (112, 5, 50, false);
insert into GroupMembershipRequests (GroupMembershipRequestsID, GroupID, GroupMemberUserID, IsGroupMemberShipAccepted) values (113, 22, 4, false);
insert into GroupMembershipRequests (GroupMembershipRequestsID, GroupID, GroupMemberUserID, IsGroupMemberShipAccepted) values (114, 1, 79, true);
insert into GroupMembershipRequests (GroupMembershipRequestsID, GroupID, GroupMemberUserID, IsGroupMemberShipAccepted) values (115, 9, 65, true);
insert into GroupMembershipRequests (GroupMembershipRequestsID, GroupID, GroupMemberUserID, IsGroupMemberShipAccepted) values (116, 39, 54, false);
insert into GroupMembershipRequests (GroupMembershipRequestsID, GroupID, GroupMemberUserID, IsGroupMemberShipAccepted) values (117, 17, 99, true);
insert into GroupMembershipRequests (GroupMembershipRequestsID, GroupID, GroupMemberUserID, IsGroupMemberShipAccepted) values (118, 38, 38, false);
insert into GroupMembershipRequests (GroupMembershipRequestsID, GroupID, GroupMemberUserID, IsGroupMemberShipAccepted) values (119, 8, 77, true);
insert into GroupMembershipRequests (GroupMembershipRequestsID, GroupID, GroupMemberUserID, IsGroupMemberShipAccepted) values (120, 40, 38, true);
insert into GroupMembershipRequests (GroupMembershipRequestsID, GroupID, GroupMemberUserID, IsGroupMemberShipAccepted) values (121, 4, 165, false);
insert into GroupMembershipRequests (GroupMembershipRequestsID, GroupID, GroupMemberUserID, IsGroupMemberShipAccepted) values (122, 20, 103, true);
insert into GroupMembershipRequests (GroupMembershipRequestsID, GroupID, GroupMemberUserID, IsGroupMemberShipAccepted) values (123, 37, 74, false);
insert into GroupMembershipRequests (GroupMembershipRequestsID, GroupID, GroupMemberUserID, IsGroupMemberShipAccepted) values (124, 6, 27, false);
insert into GroupMembershipRequests (GroupMembershipRequestsID, GroupID, GroupMemberUserID, IsGroupMemberShipAccepted) values (125, 1, 133, false);
insert into GroupMembershipRequests (GroupMembershipRequestsID, GroupID, GroupMemberUserID, IsGroupMemberShipAccepted) values (126, 27, 62, false);
insert into GroupMembershipRequests (GroupMembershipRequestsID, GroupID, GroupMemberUserID, IsGroupMemberShipAccepted) values (127, 35, 103, true);
insert into GroupMembershipRequests (GroupMembershipRequestsID, GroupID, GroupMemberUserID, IsGroupMemberShipAccepted) values (128, 8, 44, true);
insert into GroupMembershipRequests (GroupMembershipRequestsID, GroupID, GroupMemberUserID, IsGroupMemberShipAccepted) values (129, 7, 35, false);
insert into GroupMembershipRequests (GroupMembershipRequestsID, GroupID, GroupMemberUserID, IsGroupMemberShipAccepted) values (130, 35, 30, true);
insert into GroupMembershipRequests (GroupMembershipRequestsID, GroupID, GroupMemberUserID, IsGroupMemberShipAccepted) values (131, 21, 116, false);
insert into GroupMembershipRequests (GroupMembershipRequestsID, GroupID, GroupMemberUserID, IsGroupMemberShipAccepted) values (132, 1, 141, false);
insert into GroupMembershipRequests (GroupMembershipRequestsID, GroupID, GroupMemberUserID, IsGroupMemberShipAccepted) values (133, 4, 20, true);
insert into GroupMembershipRequests (GroupMembershipRequestsID, GroupID, GroupMemberUserID, IsGroupMemberShipAccepted) values (134, 10, 152, false);
insert into GroupMembershipRequests (GroupMembershipRequestsID, GroupID, GroupMemberUserID, IsGroupMemberShipAccepted) values (135, 40, 41, false);
insert into GroupMembershipRequests (GroupMembershipRequestsID, GroupID, GroupMemberUserID, IsGroupMemberShipAccepted) values (136, 28, 159, true);
insert into GroupMembershipRequests (GroupMembershipRequestsID, GroupID, GroupMemberUserID, IsGroupMemberShipAccepted) values (137, 31, 1, true);
insert into GroupMembershipRequests (GroupMembershipRequestsID, GroupID, GroupMemberUserID, IsGroupMemberShipAccepted) values (138, 33, 108, false);
insert into GroupMembershipRequests (GroupMembershipRequestsID, GroupID, GroupMemberUserID, IsGroupMemberShipAccepted) values (139, 2, 94, true);
insert into GroupMembershipRequests (GroupMembershipRequestsID, GroupID, GroupMemberUserID, IsGroupMemberShipAccepted) values (140, 16, 26, false);
insert into GroupMembershipRequests (GroupMembershipRequestsID, GroupID, GroupMemberUserID, IsGroupMemberShipAccepted) values (141, 40, 55, true);
insert into GroupMembershipRequests (GroupMembershipRequestsID, GroupID, GroupMemberUserID, IsGroupMemberShipAccepted) values (142, 3, 97, true);
insert into GroupMembershipRequests (GroupMembershipRequestsID, GroupID, GroupMemberUserID, IsGroupMemberShipAccepted) values (143, 24, 114, true);
insert into GroupMembershipRequests (GroupMembershipRequestsID, GroupID, GroupMemberUserID, IsGroupMemberShipAccepted) values (144, 25, 80, true);
insert into GroupMembershipRequests (GroupMembershipRequestsID, GroupID, GroupMemberUserID, IsGroupMemberShipAccepted) values (145, 40, 136, false);
insert into GroupMembershipRequests (GroupMembershipRequestsID, GroupID, GroupMemberUserID, IsGroupMemberShipAccepted) values (146, 3, 22, true);
insert into GroupMembershipRequests (GroupMembershipRequestsID, GroupID, GroupMemberUserID, IsGroupMemberShipAccepted) values (147, 29, 92, true);
insert into GroupMembershipRequests (GroupMembershipRequestsID, GroupID, GroupMemberUserID, IsGroupMemberShipAccepted) values (148, 37, 93, false);
insert into GroupMembershipRequests (GroupMembershipRequestsID, GroupID, GroupMemberUserID, IsGroupMemberShipAccepted) values (149, 35, 167, true);
insert into GroupMembershipRequests (GroupMembershipRequestsID, GroupID, GroupMemberUserID, IsGroupMemberShipAccepted) values (150, 17, 21, true);
insert into GroupMembershipRequests (GroupMembershipRequestsID, GroupID, GroupMemberUserID, IsGroupMemberShipAccepted) values (151, 37, 156, true);
insert into GroupMembershipRequests (GroupMembershipRequestsID, GroupID, GroupMemberUserID, IsGroupMemberShipAccepted) values (152, 30, 156, true);
insert into GroupMembershipRequests (GroupMembershipRequestsID, GroupID, GroupMemberUserID, IsGroupMemberShipAccepted) values (153, 17, 97, true);
insert into GroupMembershipRequests (GroupMembershipRequestsID, GroupID, GroupMemberUserID, IsGroupMemberShipAccepted) values (154, 39, 137, true);
insert into GroupMembershipRequests (GroupMembershipRequestsID, GroupID, GroupMemberUserID, IsGroupMemberShipAccepted) values (155, 29, 80, true);
insert into GroupMembershipRequests (GroupMembershipRequestsID, GroupID, GroupMemberUserID, IsGroupMemberShipAccepted) values (156, 28, 86, false);
insert into GroupMembershipRequests (GroupMembershipRequestsID, GroupID, GroupMemberUserID, IsGroupMemberShipAccepted) values (157, 17, 18, false);
insert into GroupMembershipRequests (GroupMembershipRequestsID, GroupID, GroupMemberUserID, IsGroupMemberShipAccepted) values (158, 30, 20, true);
insert into GroupMembershipRequests (GroupMembershipRequestsID, GroupID, GroupMemberUserID, IsGroupMemberShipAccepted) values (159, 2, 69, true);
insert into GroupMembershipRequests (GroupMembershipRequestsID, GroupID, GroupMemberUserID, IsGroupMemberShipAccepted) values (160, 26, 139, false);
insert into GroupMembershipRequests (GroupMembershipRequestsID, GroupID, GroupMemberUserID, IsGroupMemberShipAccepted) values (161, 18, 126, false);
insert into GroupMembershipRequests (GroupMembershipRequestsID, GroupID, GroupMemberUserID, IsGroupMemberShipAccepted) values (162, 12, 87, false);
insert into GroupMembershipRequests (GroupMembershipRequestsID, GroupID, GroupMemberUserID, IsGroupMemberShipAccepted) values (163, 17, 13, true);
insert into GroupMembershipRequests (GroupMembershipRequestsID, GroupID, GroupMemberUserID, IsGroupMemberShipAccepted) values (164, 36, 94, true);
insert into GroupMembershipRequests (GroupMembershipRequestsID, GroupID, GroupMemberUserID, IsGroupMemberShipAccepted) values (165, 40, 48, true);
insert into GroupMembershipRequests (GroupMembershipRequestsID, GroupID, GroupMemberUserID, IsGroupMemberShipAccepted) values (166, 23, 17, false);
insert into GroupMembershipRequests (GroupMembershipRequestsID, GroupID, GroupMemberUserID, IsGroupMemberShipAccepted) values (167, 19, 64, true);
insert into GroupMembershipRequests (GroupMembershipRequestsID, GroupID, GroupMemberUserID, IsGroupMemberShipAccepted) values (168, 37, 167, true);
insert into GroupMembershipRequests (GroupMembershipRequestsID, GroupID, GroupMemberUserID, IsGroupMemberShipAccepted) values (169, 38, 154, false);
insert into GroupMembershipRequests (GroupMembershipRequestsID, GroupID, GroupMemberUserID, IsGroupMemberShipAccepted) values (170, 7, 107, true);
insert into GroupMembershipRequests (GroupMembershipRequestsID, GroupID, GroupMemberUserID, IsGroupMemberShipAccepted) values (171, 4, 37, true);
insert into GroupMembershipRequests (GroupMembershipRequestsID, GroupID, GroupMemberUserID, IsGroupMemberShipAccepted) values (172, 33, 40, false);
insert into GroupMembershipRequests (GroupMembershipRequestsID, GroupID, GroupMemberUserID, IsGroupMemberShipAccepted) values (173, 38, 5, false);
insert into GroupMembershipRequests (GroupMembershipRequestsID, GroupID, GroupMemberUserID, IsGroupMemberShipAccepted) values (174, 11, 107, true);
insert into GroupMembershipRequests (GroupMembershipRequestsID, GroupID, GroupMemberUserID, IsGroupMemberShipAccepted) values (175, 22, 59, false);

------------------------------------------------------------------

insert into Groups (GroupID, GroupName, CreatedBy) values (1, 'Feedmix', 16);
insert into Groups (GroupID, GroupName, CreatedBy) values (2, 'Centidel', 56);
insert into Groups (GroupID, GroupName, CreatedBy) values (3, 'Livetube', 76);
insert into Groups (GroupID, GroupName, CreatedBy) values (4, 'Edgeclub', 80);
insert into Groups (GroupID, GroupName, CreatedBy) values (5, 'Dynava', 98);
insert into Groups (GroupID, GroupName, CreatedBy) values (6, 'Myworks', 112);
insert into Groups (GroupID, GroupName, CreatedBy) values (7, 'Kayveo', 28);
insert into Groups (GroupID, GroupName, CreatedBy) values (8, 'Feedfish', 108);
insert into Groups (GroupID, GroupName, CreatedBy) values (9, 'Yakidoo', 35);
insert into Groups (GroupID, GroupName, CreatedBy) values (10, 'Centidel', 135);
insert into Groups (GroupID, GroupName, CreatedBy) values (11, 'Photobug', 81);
insert into Groups (GroupID, GroupName, CreatedBy) values (12, 'Realmix', 39);
insert into Groups (GroupID, GroupName, CreatedBy) values (13, 'Kanoodle', 76);
insert into Groups (GroupID, GroupName, CreatedBy) values (14, 'Skyvu', 33);
insert into Groups (GroupID, GroupName, CreatedBy) values (15, 'Ozu', 11);
insert into Groups (GroupID, GroupName, CreatedBy) values (16, 'Trilith', 36);
insert into Groups (GroupID, GroupName, CreatedBy) values (17, 'Zoonder', 137);
insert into Groups (GroupID, GroupName, CreatedBy) values (18, 'Mynte', 100);
insert into Groups (GroupID, GroupName, CreatedBy) values (19, 'Wikizz', 154);
insert into Groups (GroupID, GroupName, CreatedBy) values (20, 'Tazzy', 160);
insert into Groups (GroupID, GroupName, CreatedBy) values (21, 'Tagcat', 36);
insert into Groups (GroupID, GroupName, CreatedBy) values (22, 'Voomm', 1);
insert into Groups (GroupID, GroupName, CreatedBy) values (23, 'Avamba', 45);
insert into Groups (GroupID, GroupName, CreatedBy) values (24, 'Skilith', 8);
insert into Groups (GroupID, GroupName, CreatedBy) values (25, 'Babbleopia', 32);
insert into Groups (GroupID, GroupName, CreatedBy) values (26, 'Voonix', 94);
insert into Groups (GroupID, GroupName, CreatedBy) values (27, 'Meembee', 25);
insert into Groups (GroupID, GroupName, CreatedBy) values (28, 'Kwideo', 29);
insert into Groups (GroupID, GroupName, CreatedBy) values (29, 'Twiyo', 13);
insert into Groups (GroupID, GroupName, CreatedBy) values (30, 'Trudoo', 84);
insert into Groups (GroupID, GroupName, CreatedBy) values (31, 'Kanoodle', 82);
insert into Groups (GroupID, GroupName, CreatedBy) values (32, 'Zoonder', 32);
insert into Groups (GroupID, GroupName, CreatedBy) values (33, 'Oloo', 48);
insert into Groups (GroupID, GroupName, CreatedBy) values (34, 'InnoZ', 68);
insert into Groups (GroupID, GroupName, CreatedBy) values (35, 'Eazzy', 45);
insert into Groups (GroupID, GroupName, CreatedBy) values (36, 'Realbuzz', 28);
insert into Groups (GroupID, GroupName, CreatedBy) values (37, 'Jazzy', 31);
insert into Groups (GroupID, GroupName, CreatedBy) values (38, 'Npath', 109);
insert into Groups (GroupID, GroupName, CreatedBy) values (39, 'Twiyo', 67);
insert into Groups (GroupID, GroupName, CreatedBy) values (40, 'Yambee', 163);

--------------------------------------------------

insert into Posts (PostID, PostDescription, PostedBy, IsPublic, IsOnlyForFriends, GroupID) values (1, 'Maecenas leo odio, condimentum id, luctus nec, molestie sed, justo.', 39, true, false, 3);
insert into Posts (PostID, PostDescription, PostedBy, IsPublic, IsOnlyForFriends, GroupID) values (2, 'Sed vel enim sit amet nunc viverra dapibus. Nulla suscipit ligula in lacus. Curabitur at ipsum ac tellus semper interdum. Mauris ullamcorper purus sit amet nulla.', 13, true, false, 73);
insert into Posts (PostID, PostDescription, PostedBy, IsPublic, IsOnlyForFriends, GroupID) values (3, 'Praesent blandit lacinia erat. Vestibulum sed magna at nunc commodo placerat. Praesent blandit. Nam nulla. Integer pede justo, lacinia eget, tincidunt eget, tempus vel, pede.', 82, false, true, 174);
insert into Posts (PostID, PostDescription, PostedBy, IsPublic, IsOnlyForFriends, GroupID) values (4, 'Aenean lectus. Pellentesque eget nunc.', 152, false, true, 112);
insert into Posts (PostID, PostDescription, PostedBy, IsPublic, IsOnlyForFriends, GroupID) values (5, 'Sed sagittis. Nam congue, risus semper porta volutpat, quam pede lobortis ligula, sit amet eleifend pede libero quis orci. Nullam molestie nibh in lectus. Pellentesque at nulla. Suspendisse potenti.', 63, true, false, 48);
insert into Posts (PostID, PostDescription, PostedBy, IsPublic, IsOnlyForFriends, GroupID) values (6, 'In sagittis dui vel nisl. Duis ac nibh. Fusce lacus purus, aliquet at, feugiat non, pretium quis, lectus.', 44, true, false, 22);
insert into Posts (PostID, PostDescription, PostedBy, IsPublic, IsOnlyForFriends, GroupID) values (7, 'Suspendisse potenti. In eleifend quam a odio. In hac habitasse platea dictumst. Maecenas ut massa quis augue luctus tincidunt.', 14, true, false, 37);
insert into Posts (PostID, PostDescription, PostedBy, IsPublic, IsOnlyForFriends, GroupID) values (8, 'Nulla tellus. In sagittis dui vel nisl. Duis ac nibh. Fusce lacus purus, aliquet at, feugiat non, pretium quis, lectus. Suspendisse potenti.', 46, true, true, 17);
insert into Posts (PostID, PostDescription, PostedBy, IsPublic, IsOnlyForFriends, GroupID) values (9, 'Maecenas pulvinar lobortis est. Phasellus sit amet erat. Nulla tempus. Vivamus in felis eu sapien cursus vestibulum. Proin eu mi.', 53, false, false, 154);
insert into Posts (PostID, PostDescription, PostedBy, IsPublic, IsOnlyForFriends, GroupID) values (10, 'Morbi non quam nec dui luctus rutrum.', 120, true, false, 85);
insert into Posts (PostID, PostDescription, PostedBy, IsPublic, IsOnlyForFriends, GroupID) values (11, 'Proin eu mi. Nulla ac enim.', 11, false, true, 54);
insert into Posts (PostID, PostDescription, PostedBy, IsPublic, IsOnlyForFriends, GroupID) values (12, 'Cras pellentesque volutpat dui.', 140, true, true, 89);
insert into Posts (PostID, PostDescription, PostedBy, IsPublic, IsOnlyForFriends, GroupID) values (13, 'Aliquam augue quam, sollicitudin vitae, consectetuer eget, rutrum at, lorem. Integer tincidunt ante vel ipsum.', 144, false, false, 141);
insert into Posts (PostID, PostDescription, PostedBy, IsPublic, IsOnlyForFriends, GroupID) values (14, 'Nullam varius. Nulla facilisi. Cras non velit nec nisi vulputate nonummy. Maecenas tincidunt lacus at velit.', 100, true, true, 14);
insert into Posts (PostID, PostDescription, PostedBy, IsPublic, IsOnlyForFriends, GroupID) values (15, 'Mauris lacinia sapien quis libero. Nullam sit amet turpis elementum ligula vehicula consequat. Morbi a ipsum. Integer a nibh. In quis justo.', 49, true, true, 38);
insert into Posts (PostID, PostDescription, PostedBy, IsPublic, IsOnlyForFriends, GroupID) values (16, 'Quisque id justo sit amet sapien dignissim vestibulum.', 16, true, false, 15);
insert into Posts (PostID, PostDescription, PostedBy, IsPublic, IsOnlyForFriends, GroupID) values (17, 'Donec ut dolor. Morbi vel lectus in quam fringilla rhoncus. Mauris enim leo, rhoncus sed, vestibulum sit amet, cursus id, turpis. Integer aliquet, massa id lobortis convallis, tortor risus dapibus augue, vel accumsan tellus nisi eu orci.', 2, true, false, 98);
insert into Posts (PostID, PostDescription, PostedBy, IsPublic, IsOnlyForFriends, GroupID) values (18, 'In sagittis dui vel nisl. Duis ac nibh.', 156, true, false, 169);
insert into Posts (PostID, PostDescription, PostedBy, IsPublic, IsOnlyForFriends, GroupID) values (19, 'Mauris lacinia sapien quis libero. Nullam sit amet turpis elementum ligula vehicula consequat. Morbi a ipsum. Integer a nibh. In quis justo.', 52, false, false, 68);
insert into Posts (PostID, PostDescription, PostedBy, IsPublic, IsOnlyForFriends, GroupID) values (20, 'Maecenas leo odio, condimentum id, luctus nec, molestie sed, justo.', 7, false, true, 29);
insert into Posts (PostID, PostDescription, PostedBy, IsPublic, IsOnlyForFriends, GroupID) values (21, 'Duis consequat dui nec nisi volutpat eleifend.', 135, true, true, 137);
insert into Posts (PostID, PostDescription, PostedBy, IsPublic, IsOnlyForFriends, GroupID) values (22, 'Aenean auctor gravida sem. Praesent id massa id nisl venenatis lacinia. Aenean sit amet justo. Morbi ut odio.', 138, true, true, 15);
insert into Posts (PostID, PostDescription, PostedBy, IsPublic, IsOnlyForFriends, GroupID) values (23, 'Vestibulum ante ipsum primis in faucibus orci luctus et ultrices posuere cubilia Curae; Nulla dapibus dolor vel est. Donec odio justo, sollicitudin ut, suscipit a, feugiat et, eros. Vestibulum ac est lacinia nisi venenatis tristique.', 141, false, false, 15);
insert into Posts (PostID, PostDescription, PostedBy, IsPublic, IsOnlyForFriends, GroupID) values (24, 'Donec ut mauris eget massa tempor convallis.', 80, true, false, 35);
insert into Posts (PostID, PostDescription, PostedBy, IsPublic, IsOnlyForFriends, GroupID) values (25, 'Nullam varius. Nulla facilisi. Cras non velit nec nisi vulputate nonummy. Maecenas tincidunt lacus at velit.', 128, true, false, 10);
insert into Posts (PostID, PostDescription, PostedBy, IsPublic, IsOnlyForFriends, GroupID) values (26, 'Suspendisse potenti. In eleifend quam a odio. In hac habitasse platea dictumst.', 64, false, true, 150);
insert into Posts (PostID, PostDescription, PostedBy, IsPublic, IsOnlyForFriends, GroupID) values (27, 'Etiam justo. Etiam pretium iaculis justo.', 147, false, false, 140);
insert into Posts (PostID, PostDescription, PostedBy, IsPublic, IsOnlyForFriends, GroupID) values (28, 'Phasellus id sapien in sapien iaculis congue. Vivamus metus arcu, adipiscing molestie, hendrerit at, vulputate vitae, nisl. Aenean lectus. Pellentesque eget nunc.', 91, true, true, 7);
insert into Posts (PostID, PostDescription, PostedBy, IsPublic, IsOnlyForFriends, GroupID) values (29, 'Nam nulla. Integer pede justo, lacinia eget, tincidunt eget, tempus vel, pede.', 115, true, true, 75);
insert into Posts (PostID, PostDescription, PostedBy, IsPublic, IsOnlyForFriends, GroupID) values (30, 'Suspendisse potenti. Cras in purus eu magna vulputate luctus. Cum sociis natoque penatibus et magnis dis parturient montes, nascetur ridiculus mus. Vivamus vestibulum sagittis sapien. Cum sociis natoque penatibus et magnis dis parturient montes, nascetur ridiculus mus.', 32, true, false, 83);
insert into Posts (PostID, PostDescription, PostedBy, IsPublic, IsOnlyForFriends, GroupID) values (31, 'Maecenas pulvinar lobortis est. Phasellus sit amet erat. Nulla tempus.', 115, false, false, 110);
insert into Posts (PostID, PostDescription, PostedBy, IsPublic, IsOnlyForFriends, GroupID) values (32, 'Fusce lacus purus, aliquet at, feugiat non, pretium quis, lectus. Suspendisse potenti. In eleifend quam a odio. In hac habitasse platea dictumst. Maecenas ut massa quis augue luctus tincidunt.', 44, false, true, 53);
insert into Posts (PostID, PostDescription, PostedBy, IsPublic, IsOnlyForFriends, GroupID) values (33, 'Quisque porta volutpat erat.', 53, false, false, 14);
insert into Posts (PostID, PostDescription, PostedBy, IsPublic, IsOnlyForFriends, GroupID) values (34, 'Mauris ullamcorper purus sit amet nulla.', 145, false, true, 31);
insert into Posts (PostID, PostDescription, PostedBy, IsPublic, IsOnlyForFriends, GroupID) values (35, 'Sed accumsan felis. Ut at dolor quis odio consequat varius. Integer ac leo. Pellentesque ultrices mattis odio. Donec vitae nisi.', 11, false, false, 132);
insert into Posts (PostID, PostDescription, PostedBy, IsPublic, IsOnlyForFriends, GroupID) values (36, 'Proin at turpis a pede posuere nonummy. Integer non velit. Donec diam neque, vestibulum eget, vulputate ut, ultrices vel, augue. Vestibulum ante ipsum primis in faucibus orci luctus et ultrices posuere cubilia Curae; Donec pharetra, magna vestibulum aliquet ultrices, erat tortor sollicitudin mi, sit amet lobortis sapien sapien non mi. Integer ac neque.', 28, false, true, 173);
insert into Posts (PostID, PostDescription, PostedBy, IsPublic, IsOnlyForFriends, GroupID) values (37, 'Suspendisse accumsan tortor quis turpis. Sed ante. Vivamus tortor.', 106, true, false, 53);
insert into Posts (PostID, PostDescription, PostedBy, IsPublic, IsOnlyForFriends, GroupID) values (38, 'Vivamus vestibulum sagittis sapien. Cum sociis natoque penatibus et magnis dis parturient montes, nascetur ridiculus mus. Etiam vel augue.', 110, true, false, 172);
insert into Posts (PostID, PostDescription, PostedBy, IsPublic, IsOnlyForFriends, GroupID) values (39, 'Maecenas ut massa quis augue luctus tincidunt. Nulla mollis molestie lorem. Quisque ut erat. Curabitur gravida nisi at nibh. In hac habitasse platea dictumst.', 107, true, true, 43);
insert into Posts (PostID, PostDescription, PostedBy, IsPublic, IsOnlyForFriends, GroupID) values (40, 'Integer tincidunt ante vel ipsum. Praesent blandit lacinia erat.', 118, true, false, 69);
insert into Posts (PostID, PostDescription, PostedBy, IsPublic, IsOnlyForFriends, GroupID) values (41, 'In est risus, auctor sed, tristique in, tempus sit amet, sem.', 106, true, true, 98);
insert into Posts (PostID, PostDescription, PostedBy, IsPublic, IsOnlyForFriends, GroupID) values (42, 'Vestibulum ac est lacinia nisi venenatis tristique. Fusce congue, diam id ornare imperdiet, sapien urna pretium nisl, ut volutpat sapien arcu sed augue. Aliquam erat volutpat. In congue.', 124, false, false, 101);
insert into Posts (PostID, PostDescription, PostedBy, IsPublic, IsOnlyForFriends, GroupID) values (43, 'Duis at velit eu est congue elementum. In hac habitasse platea dictumst. Morbi vestibulum, velit id pretium iaculis, diam erat fermentum justo, nec condimentum neque sapien placerat ante. Nulla justo. Aliquam quis turpis eget elit sodales scelerisque.', 4, true, true, 108);
insert into Posts (PostID, PostDescription, PostedBy, IsPublic, IsOnlyForFriends, GroupID) values (44, 'Morbi porttitor lorem id ligula. Suspendisse ornare consequat lectus. In est risus, auctor sed, tristique in, tempus sit amet, sem.', 100, true, true, 121);
insert into Posts (PostID, PostDescription, PostedBy, IsPublic, IsOnlyForFriends, GroupID) values (45, 'Praesent blandit lacinia erat. Vestibulum sed magna at nunc commodo placerat. Praesent blandit. Nam nulla.', 146, true, false, 114);
insert into Posts (PostID, PostDescription, PostedBy, IsPublic, IsOnlyForFriends, GroupID) values (46, 'Nam nulla. Integer pede justo, lacinia eget, tincidunt eget, tempus vel, pede. Morbi porttitor lorem id ligula. Suspendisse ornare consequat lectus. In est risus, auctor sed, tristique in, tempus sit amet, sem.', 147, false, false, 103);
insert into Posts (PostID, PostDescription, PostedBy, IsPublic, IsOnlyForFriends, GroupID) values (47, 'Vestibulum ante ipsum primis in faucibus orci luctus et ultrices posuere cubilia Curae; Mauris viverra diam vitae quam. Suspendisse potenti. Nullam porttitor lacus at turpis.', 96, false, false, 150);
insert into Posts (PostID, PostDescription, PostedBy, IsPublic, IsOnlyForFriends, GroupID) values (48, 'Ut tellus. Nulla ut erat id mauris vulputate elementum.', 101, true, true, 8);
insert into Posts (PostID, PostDescription, PostedBy, IsPublic, IsOnlyForFriends, GroupID) values (49, 'Pellentesque eget nunc. Donec quis orci eget orci vehicula condimentum. Curabitur in libero ut massa volutpat convallis. Morbi odio odio, elementum eu, interdum eu, tincidunt in, leo.', 93, false, true, 17);
insert into Posts (PostID, PostDescription, PostedBy, IsPublic, IsOnlyForFriends, GroupID) values (50, 'Duis bibendum. Morbi non quam nec dui luctus rutrum. Nulla tellus. In sagittis dui vel nisl.', 172, false, true, 73);
insert into Posts (PostID, PostDescription, PostedBy, IsPublic, IsOnlyForFriends, GroupID) values (51, 'Suspendisse potenti. Nullam porttitor lacus at turpis. Donec posuere metus vitae ipsum. Aliquam non mauris. Morbi non lectus.', 29, false, true, 151);
insert into Posts (PostID, PostDescription, PostedBy, IsPublic, IsOnlyForFriends, GroupID) values (52, 'Integer tincidunt ante vel ipsum. Praesent blandit lacinia erat.', 60, true, true, 15);
insert into Posts (PostID, PostDescription, PostedBy, IsPublic, IsOnlyForFriends, GroupID) values (53, 'Duis aliquam convallis nunc. Proin at turpis a pede posuere nonummy. Integer non velit. Donec diam neque, vestibulum eget, vulputate ut, ultrices vel, augue.', 63, false, true, 117);
insert into Posts (PostID, PostDescription, PostedBy, IsPublic, IsOnlyForFriends, GroupID) values (54, 'Vestibulum ac est lacinia nisi venenatis tristique. Fusce congue, diam id ornare imperdiet, sapien urna pretium nisl, ut volutpat sapien arcu sed augue. Aliquam erat volutpat. In congue. Etiam justo.', 111, true, false, 98);
insert into Posts (PostID, PostDescription, PostedBy, IsPublic, IsOnlyForFriends, GroupID) values (55, 'Maecenas pulvinar lobortis est. Phasellus sit amet erat.', 87, false, true, 41);
insert into Posts (PostID, PostDescription, PostedBy, IsPublic, IsOnlyForFriends, GroupID) values (56, 'Curabitur in libero ut massa volutpat convallis.', 28, true, true, 92);
insert into Posts (PostID, PostDescription, PostedBy, IsPublic, IsOnlyForFriends, GroupID) values (57, 'Vestibulum sed magna at nunc commodo placerat. Praesent blandit.', 70, true, true, 10);
insert into Posts (PostID, PostDescription, PostedBy, IsPublic, IsOnlyForFriends, GroupID) values (58, 'Morbi quis tortor id nulla ultrices aliquet. Maecenas leo odio, condimentum id, luctus nec, molestie sed, justo. Pellentesque viverra pede ac diam.', 135, true, true, 115);
insert into Posts (PostID, PostDescription, PostedBy, IsPublic, IsOnlyForFriends, GroupID) values (59, 'Etiam vel augue. Vestibulum rutrum rutrum neque. Aenean auctor gravida sem. Praesent id massa id nisl venenatis lacinia.', 77, true, false, 173);
insert into Posts (PostID, PostDescription, PostedBy, IsPublic, IsOnlyForFriends, GroupID) values (60, 'Integer ac neque.', 136, false, true, 28);
insert into Posts (PostID, PostDescription, PostedBy, IsPublic, IsOnlyForFriends, GroupID) values (61, 'Vestibulum ac est lacinia nisi venenatis tristique. Fusce congue, diam id ornare imperdiet, sapien urna pretium nisl, ut volutpat sapien arcu sed augue. Aliquam erat volutpat.', 45, true, true, 173);
insert into Posts (PostID, PostDescription, PostedBy, IsPublic, IsOnlyForFriends, GroupID) values (62, 'Aliquam non mauris. Morbi non lectus. Aliquam sit amet diam in magna bibendum imperdiet.', 37, false, false, 138);
insert into Posts (PostID, PostDescription, PostedBy, IsPublic, IsOnlyForFriends, GroupID) values (63, 'Nulla ut erat id mauris vulputate elementum. Nullam varius. Nulla facilisi.', 59, true, true, 124);
insert into Posts (PostID, PostDescription, PostedBy, IsPublic, IsOnlyForFriends, GroupID) values (64, 'Morbi porttitor lorem id ligula. Suspendisse ornare consequat lectus. In est risus, auctor sed, tristique in, tempus sit amet, sem. Fusce consequat.', 102, true, false, 22);
insert into Posts (PostID, PostDescription, PostedBy, IsPublic, IsOnlyForFriends, GroupID) values (65, 'Aliquam augue quam, sollicitudin vitae, consectetuer eget, rutrum at, lorem. Integer tincidunt ante vel ipsum. Praesent blandit lacinia erat.', 65, true, false, 140);
insert into Posts (PostID, PostDescription, PostedBy, IsPublic, IsOnlyForFriends, GroupID) values (66, 'Pellentesque ultrices mattis odio.', 42, true, true, 151);
insert into Posts (PostID, PostDescription, PostedBy, IsPublic, IsOnlyForFriends, GroupID) values (67, 'Vestibulum ac est lacinia nisi venenatis tristique. Fusce congue, diam id ornare imperdiet, sapien urna pretium nisl, ut volutpat sapien arcu sed augue. Aliquam erat volutpat.', 154, true, true, 8);
insert into Posts (PostID, PostDescription, PostedBy, IsPublic, IsOnlyForFriends, GroupID) values (68, 'Vestibulum ante ipsum primis in faucibus orci luctus et ultrices posuere cubilia Curae; Nulla dapibus dolor vel est.', 25, false, false, 15);
insert into Posts (PostID, PostDescription, PostedBy, IsPublic, IsOnlyForFriends, GroupID) values (69, 'Integer ac neque. Duis bibendum.', 168, false, true, 39);
insert into Posts (PostID, PostDescription, PostedBy, IsPublic, IsOnlyForFriends, GroupID) values (70, 'Donec semper sapien a libero.', 8, false, false, 66);
insert into Posts (PostID, PostDescription, PostedBy, IsPublic, IsOnlyForFriends, GroupID) values (71, 'In blandit ultrices enim. Lorem ipsum dolor sit amet, consectetuer adipiscing elit. Proin interdum mauris non ligula pellentesque ultrices. Phasellus id sapien in sapien iaculis congue. Vivamus metus arcu, adipiscing molestie, hendrerit at, vulputate vitae, nisl.', 139, true, true, 53);
insert into Posts (PostID, PostDescription, PostedBy, IsPublic, IsOnlyForFriends, GroupID) values (72, 'Vestibulum quam sapien, varius ut, blandit non, interdum in, ante. Vestibulum ante ipsum primis in faucibus orci luctus et ultrices posuere cubilia Curae; Duis faucibus accumsan odio. Curabitur convallis. Duis consequat dui nec nisi volutpat eleifend. Donec ut dolor.', 86, true, true, 165);
insert into Posts (PostID, PostDescription, PostedBy, IsPublic, IsOnlyForFriends, GroupID) values (73, 'Donec odio justo, sollicitudin ut, suscipit a, feugiat et, eros. Vestibulum ac est lacinia nisi venenatis tristique. Fusce congue, diam id ornare imperdiet, sapien urna pretium nisl, ut volutpat sapien arcu sed augue. Aliquam erat volutpat.', 45, false, true, 63);
insert into Posts (PostID, PostDescription, PostedBy, IsPublic, IsOnlyForFriends, GroupID) values (74, 'Duis bibendum. Morbi non quam nec dui luctus rutrum.', 57, false, false, 36);
insert into Posts (PostID, PostDescription, PostedBy, IsPublic, IsOnlyForFriends, GroupID) values (75, 'Nam ultrices, libero non mattis pulvinar, nulla pede ullamcorper augue, a suscipit nulla elit ac nulla. Sed vel enim sit amet nunc viverra dapibus.', 66, true, false, 74);
insert into Posts (PostID, PostDescription, PostedBy, IsPublic, IsOnlyForFriends, GroupID) values (76, 'In tempor, turpis nec euismod scelerisque, quam turpis adipiscing lorem, vitae mattis nibh ligula nec sem. Duis aliquam convallis nunc. Proin at turpis a pede posuere nonummy.', 39, true, false, 49);
insert into Posts (PostID, PostDescription, PostedBy, IsPublic, IsOnlyForFriends, GroupID) values (77, 'Donec semper sapien a libero. Nam dui.', 66, false, true, 72);
insert into Posts (PostID, PostDescription, PostedBy, IsPublic, IsOnlyForFriends, GroupID) values (78, 'Aenean fermentum. Donec ut mauris eget massa tempor convallis.', 134, false, true, 64);
insert into Posts (PostID, PostDescription, PostedBy, IsPublic, IsOnlyForFriends, GroupID) values (79, 'Proin eu mi. Nulla ac enim. In tempor, turpis nec euismod scelerisque, quam turpis adipiscing lorem, vitae mattis nibh ligula nec sem. Duis aliquam convallis nunc.', 39, true, true, 65);
insert into Posts (PostID, PostDescription, PostedBy, IsPublic, IsOnlyForFriends, GroupID) values (80, 'Etiam faucibus cursus urna. Ut tellus. Nulla ut erat id mauris vulputate elementum. Nullam varius. Nulla facilisi.', 29, true, false, 114);
insert into Posts (PostID, PostDescription, PostedBy, IsPublic, IsOnlyForFriends, GroupID) values (81, 'Donec vitae nisi. Nam ultrices, libero non mattis pulvinar, nulla pede ullamcorper augue, a suscipit nulla elit ac nulla. Sed vel enim sit amet nunc viverra dapibus. Nulla suscipit ligula in lacus.', 102, false, false, 117);
insert into Posts (PostID, PostDescription, PostedBy, IsPublic, IsOnlyForFriends, GroupID) values (82, 'In hac habitasse platea dictumst. Etiam faucibus cursus urna.', 80, true, true, 168);
insert into Posts (PostID, PostDescription, PostedBy, IsPublic, IsOnlyForFriends, GroupID) values (83, 'Vestibulum ante ipsum primis in faucibus orci luctus et ultrices posuere cubilia Curae; Donec pharetra, magna vestibulum aliquet ultrices, erat tortor sollicitudin mi, sit amet lobortis sapien sapien non mi. Integer ac neque. Duis bibendum. Morbi non quam nec dui luctus rutrum.', 77, true, false, 89);
insert into Posts (PostID, PostDescription, PostedBy, IsPublic, IsOnlyForFriends, GroupID) values (84, 'Quisque erat eros, viverra eget, congue eget, semper rutrum, nulla. Nunc purus.', 144, false, false, 91);
insert into Posts (PostID, PostDescription, PostedBy, IsPublic, IsOnlyForFriends, GroupID) values (85, 'Mauris ullamcorper purus sit amet nulla.', 111, false, false, 144);
insert into Posts (PostID, PostDescription, PostedBy, IsPublic, IsOnlyForFriends, GroupID) values (86, 'Nullam sit amet turpis elementum ligula vehicula consequat. Morbi a ipsum. Integer a nibh. In quis justo. Maecenas rhoncus aliquam lacus.', 170, false, true, 127);
insert into Posts (PostID, PostDescription, PostedBy, IsPublic, IsOnlyForFriends, GroupID) values (87, 'Nulla tempus. Vivamus in felis eu sapien cursus vestibulum.', 134, true, true, 49);
insert into Posts (PostID, PostDescription, PostedBy, IsPublic, IsOnlyForFriends, GroupID) values (88, 'Nunc nisl. Duis bibendum, felis sed interdum venenatis, turpis enim blandit mi, in porttitor pede justo eu massa. Donec dapibus. Duis at velit eu est congue elementum.', 19, false, true, 49);
insert into Posts (PostID, PostDescription, PostedBy, IsPublic, IsOnlyForFriends, GroupID) values (89, 'Nulla tellus. In sagittis dui vel nisl. Duis ac nibh. Fusce lacus purus, aliquet at, feugiat non, pretium quis, lectus. Suspendisse potenti.', 149, false, false, 169);
insert into Posts (PostID, PostDescription, PostedBy, IsPublic, IsOnlyForFriends, GroupID) values (90, 'Morbi vestibulum, velit id pretium iaculis, diam erat fermentum justo, nec condimentum neque sapien placerat ante. Nulla justo. Aliquam quis turpis eget elit sodales scelerisque.', 146, true, true, 35);
insert into Posts (PostID, PostDescription, PostedBy, IsPublic, IsOnlyForFriends, GroupID) values (91, 'Pellentesque ultrices mattis odio.', 146, false, true, 143);
insert into Posts (PostID, PostDescription, PostedBy, IsPublic, IsOnlyForFriends, GroupID) values (92, 'Cras mi pede, malesuada in, imperdiet et, commodo vulputate, justo. In blandit ultrices enim.', 65, false, false, 108);
insert into Posts (PostID, PostDescription, PostedBy, IsPublic, IsOnlyForFriends, GroupID) values (93, 'Nullam sit amet turpis elementum ligula vehicula consequat.', 88, true, false, 107);
insert into Posts (PostID, PostDescription, PostedBy, IsPublic, IsOnlyForFriends, GroupID) values (94, 'Cras mi pede, malesuada in, imperdiet et, commodo vulputate, justo. In blandit ultrices enim.', 143, true, false, 124);
insert into Posts (PostID, PostDescription, PostedBy, IsPublic, IsOnlyForFriends, GroupID) values (95, 'Praesent blandit lacinia erat. Vestibulum sed magna at nunc commodo placerat.', 68, true, false, 2);
insert into Posts (PostID, PostDescription, PostedBy, IsPublic, IsOnlyForFriends, GroupID) values (96, 'In hac habitasse platea dictumst. Morbi vestibulum, velit id pretium iaculis, diam erat fermentum justo, nec condimentum neque sapien placerat ante. Nulla justo. Aliquam quis turpis eget elit sodales scelerisque. Mauris sit amet eros.', 168, true, true, 33);
insert into Posts (PostID, PostDescription, PostedBy, IsPublic, IsOnlyForFriends, GroupID) values (97, 'Ut at dolor quis odio consequat varius. Integer ac leo. Pellentesque ultrices mattis odio. Donec vitae nisi. Nam ultrices, libero non mattis pulvinar, nulla pede ullamcorper augue, a suscipit nulla elit ac nulla.', 137, false, true, 4);
insert into Posts (PostID, PostDescription, PostedBy, IsPublic, IsOnlyForFriends, GroupID) values (98, 'Mauris ullamcorper purus sit amet nulla. Quisque arcu libero, rutrum ac, lobortis vel, dapibus at, diam.', 175, false, true, 21);
insert into Posts (PostID, PostDescription, PostedBy, IsPublic, IsOnlyForFriends, GroupID) values (99, 'Lorem ipsum dolor sit amet, consectetuer adipiscing elit.', 22, true, true, 79);
insert into Posts (PostID, PostDescription, PostedBy, IsPublic, IsOnlyForFriends, GroupID) values (100, 'Vivamus in felis eu sapien cursus vestibulum.', 119, false, false, 165);
insert into Posts (PostID, PostDescription, PostedBy, IsPublic, IsOnlyForFriends, GroupID) values (101, 'Suspendisse potenti. Nullam porttitor lacus at turpis.', 161, true, false, 5);
insert into Posts (PostID, PostDescription, PostedBy, IsPublic, IsOnlyForFriends, GroupID) values (102, 'Nunc nisl. Duis bibendum, felis sed interdum venenatis, turpis enim blandit mi, in porttitor pede justo eu massa. Donec dapibus.', 13, true, true, 10);
insert into Posts (PostID, PostDescription, PostedBy, IsPublic, IsOnlyForFriends, GroupID) values (103, 'In est risus, auctor sed, tristique in, tempus sit amet, sem. Fusce consequat.', 118, false, false, 18);
insert into Posts (PostID, PostDescription, PostedBy, IsPublic, IsOnlyForFriends, GroupID) values (104, 'Duis at velit eu est congue elementum. In hac habitasse platea dictumst. Morbi vestibulum, velit id pretium iaculis, diam erat fermentum justo, nec condimentum neque sapien placerat ante.', 80, false, true, 122);
insert into Posts (PostID, PostDescription, PostedBy, IsPublic, IsOnlyForFriends, GroupID) values (105, 'Curabitur gravida nisi at nibh. In hac habitasse platea dictumst.', 1, true, true, 89);
insert into Posts (PostID, PostDescription, PostedBy, IsPublic, IsOnlyForFriends, GroupID) values (106, 'Aenean lectus. Pellentesque eget nunc. Donec quis orci eget orci vehicula condimentum. Curabitur in libero ut massa volutpat convallis. Morbi odio odio, elementum eu, interdum eu, tincidunt in, leo.', 50, false, false, 126);
insert into Posts (PostID, PostDescription, PostedBy, IsPublic, IsOnlyForFriends, GroupID) values (107, 'Proin interdum mauris non ligula pellentesque ultrices. Phasellus id sapien in sapien iaculis congue.', 44, false, false, 106);
insert into Posts (PostID, PostDescription, PostedBy, IsPublic, IsOnlyForFriends, GroupID) values (108, 'Morbi vel lectus in quam fringilla rhoncus.', 16, true, true, 15);
insert into Posts (PostID, PostDescription, PostedBy, IsPublic, IsOnlyForFriends, GroupID) values (109, 'Maecenas ut massa quis augue luctus tincidunt. Nulla mollis molestie lorem.', 159, true, true, 10);
insert into Posts (PostID, PostDescription, PostedBy, IsPublic, IsOnlyForFriends, GroupID) values (110, 'Vestibulum rutrum rutrum neque.', 77, false, true, 1);
insert into Posts (PostID, PostDescription, PostedBy, IsPublic, IsOnlyForFriends, GroupID) values (111, 'Proin risus. Praesent lectus. Vestibulum quam sapien, varius ut, blandit non, interdum in, ante. Vestibulum ante ipsum primis in faucibus orci luctus et ultrices posuere cubilia Curae; Duis faucibus accumsan odio. Curabitur convallis.', 92, false, false, 35);
insert into Posts (PostID, PostDescription, PostedBy, IsPublic, IsOnlyForFriends, GroupID) values (112, 'Nam nulla. Integer pede justo, lacinia eget, tincidunt eget, tempus vel, pede. Morbi porttitor lorem id ligula. Suspendisse ornare consequat lectus. In est risus, auctor sed, tristique in, tempus sit amet, sem.', 22, false, true, 136);
insert into Posts (PostID, PostDescription, PostedBy, IsPublic, IsOnlyForFriends, GroupID) values (113, 'Fusce posuere felis sed lacus. Morbi sem mauris, laoreet ut, rhoncus aliquet, pulvinar sed, nisl.', 32, false, true, 127);
insert into Posts (PostID, PostDescription, PostedBy, IsPublic, IsOnlyForFriends, GroupID) values (114, 'Nulla facilisi. Cras non velit nec nisi vulputate nonummy. Maecenas tincidunt lacus at velit. Vivamus vel nulla eget eros elementum pellentesque.', 55, false, false, 91);
insert into Posts (PostID, PostDescription, PostedBy, IsPublic, IsOnlyForFriends, GroupID) values (115, 'In hac habitasse platea dictumst. Maecenas ut massa quis augue luctus tincidunt. Nulla mollis molestie lorem. Quisque ut erat. Curabitur gravida nisi at nibh.', 86, true, true, 105);
insert into Posts (PostID, PostDescription, PostedBy, IsPublic, IsOnlyForFriends, GroupID) values (116, 'Nunc rhoncus dui vel sem. Sed sagittis.', 111, true, false, 84);
insert into Posts (PostID, PostDescription, PostedBy, IsPublic, IsOnlyForFriends, GroupID) values (117, 'Integer a nibh.', 1, true, false, 140);
insert into Posts (PostID, PostDescription, PostedBy, IsPublic, IsOnlyForFriends, GroupID) values (118, 'Ut tellus. Nulla ut erat id mauris vulputate elementum.', 99, true, false, 8);
insert into Posts (PostID, PostDescription, PostedBy, IsPublic, IsOnlyForFriends, GroupID) values (119, 'Sed ante. Vivamus tortor. Duis mattis egestas metus. Aenean fermentum.', 163, false, false, 42);
insert into Posts (PostID, PostDescription, PostedBy, IsPublic, IsOnlyForFriends, GroupID) values (120, 'Integer non velit. Donec diam neque, vestibulum eget, vulputate ut, ultrices vel, augue. Vestibulum ante ipsum primis in faucibus orci luctus et ultrices posuere cubilia Curae; Donec pharetra, magna vestibulum aliquet ultrices, erat tortor sollicitudin mi, sit amet lobortis sapien sapien non mi. Integer ac neque.', 7, false, false, 140);
insert into Posts (PostID, PostDescription, PostedBy, IsPublic, IsOnlyForFriends, GroupID) values (121, 'Integer a nibh. In quis justo. Maecenas rhoncus aliquam lacus. Morbi quis tortor id nulla ultrices aliquet.', 54, true, false, 52);
insert into Posts (PostID, PostDescription, PostedBy, IsPublic, IsOnlyForFriends, GroupID) values (122, 'Fusce congue, diam id ornare imperdiet, sapien urna pretium nisl, ut volutpat sapien arcu sed augue.', 58, false, false, 65);
insert into Posts (PostID, PostDescription, PostedBy, IsPublic, IsOnlyForFriends, GroupID) values (123, 'Donec ut dolor.', 173, false, true, 175);
insert into Posts (PostID, PostDescription, PostedBy, IsPublic, IsOnlyForFriends, GroupID) values (124, 'Aenean auctor gravida sem.', 105, true, true, 144);
insert into Posts (PostID, PostDescription, PostedBy, IsPublic, IsOnlyForFriends, GroupID) values (125, 'Integer pede justo, lacinia eget, tincidunt eget, tempus vel, pede. Morbi porttitor lorem id ligula. Suspendisse ornare consequat lectus. In est risus, auctor sed, tristique in, tempus sit amet, sem.', 167, false, true, 169);
insert into Posts (PostID, PostDescription, PostedBy, IsPublic, IsOnlyForFriends, GroupID) values (126, 'Vestibulum ante ipsum primis in faucibus orci luctus et ultrices posuere cubilia Curae; Mauris viverra diam vitae quam. Suspendisse potenti.', 141, false, false, 111);
insert into Posts (PostID, PostDescription, PostedBy, IsPublic, IsOnlyForFriends, GroupID) values (127, 'In tempor, turpis nec euismod scelerisque, quam turpis adipiscing lorem, vitae mattis nibh ligula nec sem. Duis aliquam convallis nunc. Proin at turpis a pede posuere nonummy.', 19, true, true, 12);
insert into Posts (PostID, PostDescription, PostedBy, IsPublic, IsOnlyForFriends, GroupID) values (128, 'Cras pellentesque volutpat dui.', 99, false, false, 110);
insert into Posts (PostID, PostDescription, PostedBy, IsPublic, IsOnlyForFriends, GroupID) values (129, 'Proin interdum mauris non ligula pellentesque ultrices. Phasellus id sapien in sapien iaculis congue. Vivamus metus arcu, adipiscing molestie, hendrerit at, vulputate vitae, nisl. Aenean lectus.', 88, true, false, 158);
insert into Posts (PostID, PostDescription, PostedBy, IsPublic, IsOnlyForFriends, GroupID) values (130, 'Quisque porta volutpat erat. Quisque erat eros, viverra eget, congue eget, semper rutrum, nulla. Nunc purus.', 21, true, true, 161);
insert into Posts (PostID, PostDescription, PostedBy, IsPublic, IsOnlyForFriends, GroupID) values (131, 'Donec quis orci eget orci vehicula condimentum. Curabitur in libero ut massa volutpat convallis. Morbi odio odio, elementum eu, interdum eu, tincidunt in, leo. Maecenas pulvinar lobortis est.', 160, true, true, 50);
insert into Posts (PostID, PostDescription, PostedBy, IsPublic, IsOnlyForFriends, GroupID) values (132, 'Aenean fermentum. Donec ut mauris eget massa tempor convallis. Nulla neque libero, convallis eget, eleifend luctus, ultricies eu, nibh.', 101, false, false, 118);
insert into Posts (PostID, PostDescription, PostedBy, IsPublic, IsOnlyForFriends, GroupID) values (133, 'Vestibulum ante ipsum primis in faucibus orci luctus et ultrices posuere cubilia Curae; Donec pharetra, magna vestibulum aliquet ultrices, erat tortor sollicitudin mi, sit amet lobortis sapien sapien non mi. Integer ac neque. Duis bibendum.', 175, true, true, 169);
insert into Posts (PostID, PostDescription, PostedBy, IsPublic, IsOnlyForFriends, GroupID) values (134, 'Morbi sem mauris, laoreet ut, rhoncus aliquet, pulvinar sed, nisl. Nunc rhoncus dui vel sem. Sed sagittis. Nam congue, risus semper porta volutpat, quam pede lobortis ligula, sit amet eleifend pede libero quis orci. Nullam molestie nibh in lectus.', 118, false, true, 63);
insert into Posts (PostID, PostDescription, PostedBy, IsPublic, IsOnlyForFriends, GroupID) values (135, 'Morbi odio odio, elementum eu, interdum eu, tincidunt in, leo. Maecenas pulvinar lobortis est. Phasellus sit amet erat. Nulla tempus. Vivamus in felis eu sapien cursus vestibulum.', 153, true, false, 82);
insert into Posts (PostID, PostDescription, PostedBy, IsPublic, IsOnlyForFriends, GroupID) values (136, 'Integer aliquet, massa id lobortis convallis, tortor risus dapibus augue, vel accumsan tellus nisi eu orci. Mauris lacinia sapien quis libero. Nullam sit amet turpis elementum ligula vehicula consequat.', 96, false, true, 22);
insert into Posts (PostID, PostDescription, PostedBy, IsPublic, IsOnlyForFriends, GroupID) values (137, 'Morbi non quam nec dui luctus rutrum. Nulla tellus. In sagittis dui vel nisl. Duis ac nibh.', 15, true, true, 84);
insert into Posts (PostID, PostDescription, PostedBy, IsPublic, IsOnlyForFriends, GroupID) values (138, 'Nulla ut erat id mauris vulputate elementum.', 42, true, false, 134);
insert into Posts (PostID, PostDescription, PostedBy, IsPublic, IsOnlyForFriends, GroupID) values (139, 'Nulla facilisi. Cras non velit nec nisi vulputate nonummy. Maecenas tincidunt lacus at velit.', 114, true, false, 154);
insert into Posts (PostID, PostDescription, PostedBy, IsPublic, IsOnlyForFriends, GroupID) values (140, 'Quisque arcu libero, rutrum ac, lobortis vel, dapibus at, diam.', 92, false, true, 24);
insert into Posts (PostID, PostDescription, PostedBy, IsPublic, IsOnlyForFriends, GroupID) values (141, 'Nunc rhoncus dui vel sem. Sed sagittis. Nam congue, risus semper porta volutpat, quam pede lobortis ligula, sit amet eleifend pede libero quis orci. Nullam molestie nibh in lectus.', 92, false, false, 3);
insert into Posts (PostID, PostDescription, PostedBy, IsPublic, IsOnlyForFriends, GroupID) values (142, 'In congue.', 55, true, false, 126);
insert into Posts (PostID, PostDescription, PostedBy, IsPublic, IsOnlyForFriends, GroupID) values (143, 'Nam nulla.', 48, false, true, 5);
insert into Posts (PostID, PostDescription, PostedBy, IsPublic, IsOnlyForFriends, GroupID) values (144, 'Duis consequat dui nec nisi volutpat eleifend. Donec ut dolor.', 33, true, true, 22);
insert into Posts (PostID, PostDescription, PostedBy, IsPublic, IsOnlyForFriends, GroupID) values (145, 'Fusce congue, diam id ornare imperdiet, sapien urna pretium nisl, ut volutpat sapien arcu sed augue.', 62, false, true, 1);
insert into Posts (PostID, PostDescription, PostedBy, IsPublic, IsOnlyForFriends, GroupID) values (146, 'Morbi sem mauris, laoreet ut, rhoncus aliquet, pulvinar sed, nisl. Nunc rhoncus dui vel sem. Sed sagittis. Nam congue, risus semper porta volutpat, quam pede lobortis ligula, sit amet eleifend pede libero quis orci. Nullam molestie nibh in lectus.', 47, false, true, 91);
insert into Posts (PostID, PostDescription, PostedBy, IsPublic, IsOnlyForFriends, GroupID) values (147, 'Curabitur gravida nisi at nibh. In hac habitasse platea dictumst. Aliquam augue quam, sollicitudin vitae, consectetuer eget, rutrum at, lorem. Integer tincidunt ante vel ipsum.', 73, false, true, 130);
insert into Posts (PostID, PostDescription, PostedBy, IsPublic, IsOnlyForFriends, GroupID) values (148, 'Fusce posuere felis sed lacus. Morbi sem mauris, laoreet ut, rhoncus aliquet, pulvinar sed, nisl. Nunc rhoncus dui vel sem.', 131, false, true, 154);
insert into Posts (PostID, PostDescription, PostedBy, IsPublic, IsOnlyForFriends, GroupID) values (149, 'In est risus, auctor sed, tristique in, tempus sit amet, sem.', 99, false, true, 63);
insert into Posts (PostID, PostDescription, PostedBy, IsPublic, IsOnlyForFriends, GroupID) values (150, 'Etiam justo. Etiam pretium iaculis justo.', 120, false, false, 26);
insert into Posts (PostID, PostDescription, PostedBy, IsPublic, IsOnlyForFriends, GroupID) values (151, 'In hac habitasse platea dictumst. Morbi vestibulum, velit id pretium iaculis, diam erat fermentum justo, nec condimentum neque sapien placerat ante.', 118, true, true, 17);
insert into Posts (PostID, PostDescription, PostedBy, IsPublic, IsOnlyForFriends, GroupID) values (152, 'Vestibulum ante ipsum primis in faucibus orci luctus et ultrices posuere cubilia Curae; Donec pharetra, magna vestibulum aliquet ultrices, erat tortor sollicitudin mi, sit amet lobortis sapien sapien non mi.', 56, true, false, 22);
insert into Posts (PostID, PostDescription, PostedBy, IsPublic, IsOnlyForFriends, GroupID) values (153, 'Morbi porttitor lorem id ligula. Suspendisse ornare consequat lectus. In est risus, auctor sed, tristique in, tempus sit amet, sem. Fusce consequat.', 8, true, true, 12);
insert into Posts (PostID, PostDescription, PostedBy, IsPublic, IsOnlyForFriends, GroupID) values (154, 'Aliquam augue quam, sollicitudin vitae, consectetuer eget, rutrum at, lorem. Integer tincidunt ante vel ipsum. Praesent blandit lacinia erat. Vestibulum sed magna at nunc commodo placerat.', 28, true, false, 2);
insert into Posts (PostID, PostDescription, PostedBy, IsPublic, IsOnlyForFriends, GroupID) values (155, 'Mauris ullamcorper purus sit amet nulla. Quisque arcu libero, rutrum ac, lobortis vel, dapibus at, diam. Nam tristique tortor eu pede.', 82, true, true, 123);
insert into Posts (PostID, PostDescription, PostedBy, IsPublic, IsOnlyForFriends, GroupID) values (156, 'Aenean lectus.', 23, false, false, 63);
insert into Posts (PostID, PostDescription, PostedBy, IsPublic, IsOnlyForFriends, GroupID) values (157, 'Nulla suscipit ligula in lacus. Curabitur at ipsum ac tellus semper interdum. Mauris ullamcorper purus sit amet nulla. Quisque arcu libero, rutrum ac, lobortis vel, dapibus at, diam.', 27, false, false, 31);
insert into Posts (PostID, PostDescription, PostedBy, IsPublic, IsOnlyForFriends, GroupID) values (158, 'Aenean auctor gravida sem. Praesent id massa id nisl venenatis lacinia. Aenean sit amet justo.', 29, true, false, 69);
insert into Posts (PostID, PostDescription, PostedBy, IsPublic, IsOnlyForFriends, GroupID) values (159, 'Vestibulum rutrum rutrum neque. Aenean auctor gravida sem. Praesent id massa id nisl venenatis lacinia.', 107, false, false, 159);
insert into Posts (PostID, PostDescription, PostedBy, IsPublic, IsOnlyForFriends, GroupID) values (160, 'In congue.', 94, false, true, 135);
insert into Posts (PostID, PostDescription, PostedBy, IsPublic, IsOnlyForFriends, GroupID) values (161, 'Maecenas leo odio, condimentum id, luctus nec, molestie sed, justo. Pellentesque viverra pede ac diam. Cras pellentesque volutpat dui. Maecenas tristique, est et tempus semper, est quam pharetra magna, ac consequat metus sapien ut nunc.', 6, true, false, 50);
insert into Posts (PostID, PostDescription, PostedBy, IsPublic, IsOnlyForFriends, GroupID) values (162, 'Nulla ac enim.', 8, false, false, 114);
insert into Posts (PostID, PostDescription, PostedBy, IsPublic, IsOnlyForFriends, GroupID) values (163, 'In tempor, turpis nec euismod scelerisque, quam turpis adipiscing lorem, vitae mattis nibh ligula nec sem.', 175, true, false, 93);
insert into Posts (PostID, PostDescription, PostedBy, IsPublic, IsOnlyForFriends, GroupID) values (164, 'Curabitur gravida nisi at nibh.', 109, false, false, 120);
insert into Posts (PostID, PostDescription, PostedBy, IsPublic, IsOnlyForFriends, GroupID) values (165, 'Suspendisse ornare consequat lectus. In est risus, auctor sed, tristique in, tempus sit amet, sem. Fusce consequat. Nulla nisl. Nunc nisl.', 172, false, false, 163);
insert into Posts (PostID, PostDescription, PostedBy, IsPublic, IsOnlyForFriends, GroupID) values (166, 'Aenean sit amet justo. Morbi ut odio.', 18, false, false, 160);
insert into Posts (PostID, PostDescription, PostedBy, IsPublic, IsOnlyForFriends, GroupID) values (167, 'Morbi vel lectus in quam fringilla rhoncus.', 168, false, false, 149);
insert into Posts (PostID, PostDescription, PostedBy, IsPublic, IsOnlyForFriends, GroupID) values (168, 'Etiam justo. Etiam pretium iaculis justo. In hac habitasse platea dictumst. Etiam faucibus cursus urna. Ut tellus.', 114, true, true, 170);
insert into Posts (PostID, PostDescription, PostedBy, IsPublic, IsOnlyForFriends, GroupID) values (169, 'Phasellus id sapien in sapien iaculis congue. Vivamus metus arcu, adipiscing molestie, hendrerit at, vulputate vitae, nisl. Aenean lectus. Pellentesque eget nunc. Donec quis orci eget orci vehicula condimentum.', 2, true, false, 161);
insert into Posts (PostID, PostDescription, PostedBy, IsPublic, IsOnlyForFriends, GroupID) values (170, 'In congue.', 55, true, false, 58);
insert into Posts (PostID, PostDescription, PostedBy, IsPublic, IsOnlyForFriends, GroupID) values (171, 'Vestibulum ante ipsum primis in faucibus orci luctus et ultrices posuere cubilia Curae; Donec pharetra, magna vestibulum aliquet ultrices, erat tortor sollicitudin mi, sit amet lobortis sapien sapien non mi. Integer ac neque.', 12, false, true, 37);
insert into Posts (PostID, PostDescription, PostedBy, IsPublic, IsOnlyForFriends, GroupID) values (172, 'Aliquam quis turpis eget elit sodales scelerisque. Mauris sit amet eros. Suspendisse accumsan tortor quis turpis. Sed ante. Vivamus tortor.', 122, false, true, 131);
insert into Posts (PostID, PostDescription, PostedBy, IsPublic, IsOnlyForFriends, GroupID) values (173, 'Etiam vel augue.', 174, true, false, 139);
insert into Posts (PostID, PostDescription, PostedBy, IsPublic, IsOnlyForFriends, GroupID) values (174, 'Duis at velit eu est congue elementum. In hac habitasse platea dictumst. Morbi vestibulum, velit id pretium iaculis, diam erat fermentum justo, nec condimentum neque sapien placerat ante.', 79, true, true, 62);
insert into Posts (PostID, PostDescription, PostedBy, IsPublic, IsOnlyForFriends, GroupID) values (175, 'Morbi vel lectus in quam fringilla rhoncus. Mauris enim leo, rhoncus sed, vestibulum sit amet, cursus id, turpis. Integer aliquet, massa id lobortis convallis, tortor risus dapibus augue, vel accumsan tellus nisi eu orci.', 98, false, true, 135);
insert into Posts (PostID, PostDescription, PostedBy, IsPublic, IsOnlyForFriends, GroupID) values (176, 'Maecenas rhoncus aliquam lacus. Morbi quis tortor id nulla ultrices aliquet. Maecenas leo odio, condimentum id, luctus nec, molestie sed, justo. Pellentesque viverra pede ac diam.', 106, true, true, 81);
insert into Posts (PostID, PostDescription, PostedBy, IsPublic, IsOnlyForFriends, GroupID) values (177, 'Nullam sit amet turpis elementum ligula vehicula consequat. Morbi a ipsum.', 78, false, true, 42);
insert into Posts (PostID, PostDescription, PostedBy, IsPublic, IsOnlyForFriends, GroupID) values (178, 'Etiam justo. Etiam pretium iaculis justo. In hac habitasse platea dictumst.', 73, true, false, 159);
insert into Posts (PostID, PostDescription, PostedBy, IsPublic, IsOnlyForFriends, GroupID) values (179, 'Nam nulla. Integer pede justo, lacinia eget, tincidunt eget, tempus vel, pede. Morbi porttitor lorem id ligula. Suspendisse ornare consequat lectus. In est risus, auctor sed, tristique in, tempus sit amet, sem.', 172, false, false, 98);
insert into Posts (PostID, PostDescription, PostedBy, IsPublic, IsOnlyForFriends, GroupID) values (180, 'Sed sagittis. Nam congue, risus semper porta volutpat, quam pede lobortis ligula, sit amet eleifend pede libero quis orci. Nullam molestie nibh in lectus. Pellentesque at nulla. Suspendisse potenti.', 34, true, false, 72);
insert into Posts (PostID, PostDescription, PostedBy, IsPublic, IsOnlyForFriends, GroupID) values (181, 'Ut tellus. Nulla ut erat id mauris vulputate elementum. Nullam varius. Nulla facilisi. Cras non velit nec nisi vulputate nonummy.', 39, false, false, 5);
insert into Posts (PostID, PostDescription, PostedBy, IsPublic, IsOnlyForFriends, GroupID) values (182, 'Integer tincidunt ante vel ipsum.', 12, false, true, 103);
insert into Posts (PostID, PostDescription, PostedBy, IsPublic, IsOnlyForFriends, GroupID) values (183, 'Proin interdum mauris non ligula pellentesque ultrices. Phasellus id sapien in sapien iaculis congue. Vivamus metus arcu, adipiscing molestie, hendrerit at, vulputate vitae, nisl. Aenean lectus.', 80, false, false, 171);
insert into Posts (PostID, PostDescription, PostedBy, IsPublic, IsOnlyForFriends, GroupID) values (184, 'Nunc rhoncus dui vel sem. Sed sagittis. Nam congue, risus semper porta volutpat, quam pede lobortis ligula, sit amet eleifend pede libero quis orci. Nullam molestie nibh in lectus. Pellentesque at nulla.', 155, false, false, 101);
insert into Posts (PostID, PostDescription, PostedBy, IsPublic, IsOnlyForFriends, GroupID) values (185, 'Nullam porttitor lacus at turpis. Donec posuere metus vitae ipsum. Aliquam non mauris. Morbi non lectus. Aliquam sit amet diam in magna bibendum imperdiet.', 74, true, false, 60);
insert into Posts (PostID, PostDescription, PostedBy, IsPublic, IsOnlyForFriends, GroupID) values (186, 'Aliquam sit amet diam in magna bibendum imperdiet. Nullam orci pede, venenatis non, sodales sed, tincidunt eu, felis.', 90, true, false, 23);
insert into Posts (PostID, PostDescription, PostedBy, IsPublic, IsOnlyForFriends, GroupID) values (187, 'Vivamus metus arcu, adipiscing molestie, hendrerit at, vulputate vitae, nisl.', 134, false, false, 114);
insert into Posts (PostID, PostDescription, PostedBy, IsPublic, IsOnlyForFriends, GroupID) values (188, 'Aliquam augue quam, sollicitudin vitae, consectetuer eget, rutrum at, lorem. Integer tincidunt ante vel ipsum.', 20, true, false, 37);
insert into Posts (PostID, PostDescription, PostedBy, IsPublic, IsOnlyForFriends, GroupID) values (189, 'In blandit ultrices enim. Lorem ipsum dolor sit amet, consectetuer adipiscing elit. Proin interdum mauris non ligula pellentesque ultrices. Phasellus id sapien in sapien iaculis congue.', 89, false, true, 127);
insert into Posts (PostID, PostDescription, PostedBy, IsPublic, IsOnlyForFriends, GroupID) values (190, 'Nullam sit amet turpis elementum ligula vehicula consequat. Morbi a ipsum. Integer a nibh.', 104, false, false, 8);
insert into Posts (PostID, PostDescription, PostedBy, IsPublic, IsOnlyForFriends, GroupID) values (191, 'Pellentesque at nulla. Suspendisse potenti. Cras in purus eu magna vulputate luctus. Cum sociis natoque penatibus et magnis dis parturient montes, nascetur ridiculus mus.', 24, false, true, 9);
insert into Posts (PostID, PostDescription, PostedBy, IsPublic, IsOnlyForFriends, GroupID) values (192, 'Ut at dolor quis odio consequat varius. Integer ac leo. Pellentesque ultrices mattis odio. Donec vitae nisi.', 30, false, false, 44);
insert into Posts (PostID, PostDescription, PostedBy, IsPublic, IsOnlyForFriends, GroupID) values (193, 'Cras non velit nec nisi vulputate nonummy. Maecenas tincidunt lacus at velit. Vivamus vel nulla eget eros elementum pellentesque.', 145, true, true, 74);
insert into Posts (PostID, PostDescription, PostedBy, IsPublic, IsOnlyForFriends, GroupID) values (194, 'Integer non velit. Donec diam neque, vestibulum eget, vulputate ut, ultrices vel, augue. Vestibulum ante ipsum primis in faucibus orci luctus et ultrices posuere cubilia Curae; Donec pharetra, magna vestibulum aliquet ultrices, erat tortor sollicitudin mi, sit amet lobortis sapien sapien non mi. Integer ac neque. Duis bibendum.', 166, false, false, 153);
insert into Posts (PostID, PostDescription, PostedBy, IsPublic, IsOnlyForFriends, GroupID) values (195, 'Vestibulum rutrum rutrum neque. Aenean auctor gravida sem. Praesent id massa id nisl venenatis lacinia. Aenean sit amet justo.', 161, false, false, 5);
insert into Posts (PostID, PostDescription, PostedBy, IsPublic, IsOnlyForFriends, GroupID) values (196, 'Duis aliquam convallis nunc. Proin at turpis a pede posuere nonummy. Integer non velit.', 57, true, false, 19);
insert into Posts (PostID, PostDescription, PostedBy, IsPublic, IsOnlyForFriends, GroupID) values (197, 'Integer tincidunt ante vel ipsum. Praesent blandit lacinia erat. Vestibulum sed magna at nunc commodo placerat. Praesent blandit. Nam nulla.', 86, false, true, 28);
insert into Posts (PostID, PostDescription, PostedBy, IsPublic, IsOnlyForFriends, GroupID) values (198, 'Quisque id justo sit amet sapien dignissim vestibulum.', 102, true, true, 13);
insert into Posts (PostID, PostDescription, PostedBy, IsPublic, IsOnlyForFriends, GroupID) values (199, 'Duis bibendum. Morbi non quam nec dui luctus rutrum. Nulla tellus.', 74, false, false, 170);
insert into Posts (PostID, PostDescription, PostedBy, IsPublic, IsOnlyForFriends, GroupID) values (200, 'Quisque ut erat. Curabitur gravida nisi at nibh.', 70, false, true, 69);

------------------------------------------------------------------------------

insert into Users (UserID, Username, FirstName, LastName, DateOfBirth, Password) values (1, 'pscourgie0', 'Paddie', 'Scourgie', '2014-12-21', 'nR8&(=Pj7A3RZ');
insert into Users (UserID, Username, FirstName, LastName, DateOfBirth, Password) values (2, 'ffores1', 'Frank', 'Fores', '1990-12-19', 'zL8qj5B@S)A8AS');
insert into Users (UserID, Username, FirstName, LastName, DateOfBirth, Password) values (3, 'bsearight2', 'Barris', 'Searight', '2013-01-04', 'mL24q6Q/!(B');
insert into Users (UserID, Username, FirstName, LastName, DateOfBirth, Password) values (4, 'kdalbey3', 'Keely', 'Dalbey', '2010-03-09', 'uT8<3KLh@&');
insert into Users (UserID, Username, FirstName, LastName, DateOfBirth, Password) values (5, 'lmurfill4', 'Lenee', 'Murfill', '2006-01-18', 'eS5wBiofE!');
insert into Users (UserID, Username, FirstName, LastName, DateOfBirth, Password) values (6, 'iredhouse5', 'Iorgos', 'Redhouse', '2012-07-27', 'qQ6Qdna@wpsWJ');
insert into Users (UserID, Username, FirstName, LastName, DateOfBirth, Password) values (7, 'sfrany6', 'Sissy', 'Frany', '2008-05-15', 'dT9+k!''mwFM>@D');
insert into Users (UserID, Username, FirstName, LastName, DateOfBirth, Password) values (8, 'bsouthern7', 'Beverlee', 'Southern', '2000-05-22', 'xD1BS*iymi2HSNm');
insert into Users (UserID, Username, FirstName, LastName, DateOfBirth, Password) values (9, 'dcroxford8', 'Derk', 'Croxford', '2008-03-31', 'xY4Twk*{}ZOj%N');
insert into Users (UserID, Username, FirstName, LastName, DateOfBirth, Password) values (10, 'lrussel9', 'Latrena', 'Russel', '1998-06-04', 'jQ7*''JhKoxk&Gj{L');
insert into Users (UserID, Username, FirstName, LastName, DateOfBirth, Password) values (11, 'cnorewooda', 'Chalmers', 'Norewood', '1994-06-04', 'jQ59%#pA/fJLGmZ_');
insert into Users (UserID, Username, FirstName, LastName, DateOfBirth, Password) values (12, 'rdouldenb', 'Reggis', 'Doulden', '2001-02-21', 'qO1"6YS<1*2>j');
insert into Users (UserID, Username, FirstName, LastName, DateOfBirth, Password) values (13, 'brizzardinic', 'Byrle', 'Rizzardini', '2006-08-31', 'uK6NUB>Q.E');
insert into Users (UserID, Username, FirstName, LastName, DateOfBirth, Password) values (14, 'rstuckesd', 'Randie', 'Stuckes', '2000-08-01', 'jG6}Po=fg/1');
insert into Users (UserID, Username, FirstName, LastName, DateOfBirth, Password) values (15, 'emcguineye', 'Eldridge', 'McGuiney', '2013-07-06', 'wU5T}<Fe.%');
insert into Users (UserID, Username, FirstName, LastName, DateOfBirth, Password) values (16, 'aaingelf', 'Annamarie', 'Aingel', '1999-07-10', 'wP2tMYfIO(');
insert into Users (UserID, Username, FirstName, LastName, DateOfBirth, Password) values (17, 'ddefranciscig', 'Debee', 'De Francisci', '2001-05-20', 'wK5GxG/e#P''');
insert into Users (UserID, Username, FirstName, LastName, DateOfBirth, Password) values (18, 'dnewlandh', 'Dodie', 'Newland', '2010-08-23', 'mB9\\6F''/');
insert into Users (UserID, Username, FirstName, LastName, DateOfBirth, Password) values (19, 'pmciveri', 'Prentiss', 'McIver', '1995-03-09', 'wT3si#Rh');
insert into Users (UserID, Username, FirstName, LastName, DateOfBirth, Password) values (20, 'pgriffinj', 'Pauli', 'Griffin', '1991-01-29', 'rD1M0LHT07?PtMJ');
insert into Users (UserID, Username, FirstName, LastName, DateOfBirth, Password) values (21, 'faggek', 'Fayette', 'Agge', '1990-01-12', 'hJ1<|kSg>');
insert into Users (UserID, Username, FirstName, LastName, DateOfBirth, Password) values (22, 'dlindstedtl', 'Daisie', 'Lindstedt', '2011-09-08', 'cR90J{)*+SQ');
insert into Users (UserID, Username, FirstName, LastName, DateOfBirth, Password) values (23, 'mmccardm', 'Matelda', 'McCard', '1997-11-19', 'yX2TYU7qGxn');
insert into Users (UserID, Username, FirstName, LastName, DateOfBirth, Password) values (24, 'rlundbergn', 'Regina', 'Lundberg', '2013-05-25', 'mK0!1)JO>''U');
insert into Users (UserID, Username, FirstName, LastName, DateOfBirth, Password) values (25, 'fmcsaulo', 'Federico', 'McSaul', '1993-02-22', 'cI93m$E%9daz}Z+z');
insert into Users (UserID, Username, FirstName, LastName, DateOfBirth, Password) values (26, 'umartineaup', 'Udale', 'Martineau', '2000-09-30', 'qQ1xvXqIi?YBU');
insert into Users (UserID, Username, FirstName, LastName, DateOfBirth, Password) values (27, 'pgaineq', 'Phil', 'Gaine', '2013-07-26', 'cT5k&ynQ4~u{j$');
insert into Users (UserID, Username, FirstName, LastName, DateOfBirth, Password) values (28, 'rniblor', 'Ram', 'Niblo', '1999-05-09', 'jP8,cIYv5');
insert into Users (UserID, Username, FirstName, LastName, DateOfBirth, Password) values (29, 'jferraras', 'Jacqui', 'Ferrara', '2011-09-11', 'zC0''gWH''');
insert into Users (UserID, Username, FirstName, LastName, DateOfBirth, Password) values (30, 'lruckmant', 'Lorelle', 'Ruckman', '2006-01-24', 'bM0''KMX>8z/)8mE');
insert into Users (UserID, Username, FirstName, LastName, DateOfBirth, Password) values (31, 'rjewessu', 'Rabi', 'Jewess', '2013-09-13', 'uD9t48O\}A=<D?@');
insert into Users (UserID, Username, FirstName, LastName, DateOfBirth, Password) values (32, 'ohestropv', 'Ogdon', 'Hestrop', '2011-11-18', 'kI2CVJ8v#LZw*');
insert into Users (UserID, Username, FirstName, LastName, DateOfBirth, Password) values (33, 'mpetrollow', 'Margalit', 'Petrollo', '2003-12-13', 'aP6/gf&?ZDs');
insert into Users (UserID, Username, FirstName, LastName, DateOfBirth, Password) values (34, 'bsibberingx', 'Brendan', 'Sibbering', '2010-11-06', 'mR3Q|Rj(72b\)rt)');
insert into Users (UserID, Username, FirstName, LastName, DateOfBirth, Password) values (35, 'ggooddyy', 'Gunther', 'Gooddy', '2012-09-17', 'kB9LWITIN}#{');
insert into Users (UserID, Username, FirstName, LastName, DateOfBirth, Password) values (36, 'rcolinz', 'Reine', 'Colin', '2001-10-23', 'xL1`Od<IM?fm?');
insert into Users (UserID, Username, FirstName, LastName, DateOfBirth, Password) values (37, 'spoulton10', 'Sayre', 'Poulton', '2000-08-02', 'jC4unSX.');
insert into Users (UserID, Username, FirstName, LastName, DateOfBirth, Password) values (38, 'mwoolsey11', 'Madalyn', 'Woolsey', '1994-09-27', 'eU4h\}4.,');
insert into Users (UserID, Username, FirstName, LastName, DateOfBirth, Password) values (39, 'cscreaton12', 'Conrad', 'Screaton', '2010-10-02', 'cI5Twb3y');
insert into Users (UserID, Username, FirstName, LastName, DateOfBirth, Password) values (40, 'kleek13', 'Kaela', 'Leek', '1991-07-12', 'nV2_MEWK|X|*');
insert into Users (UserID, Username, FirstName, LastName, DateOfBirth, Password) values (41, 'gdemendoza14', 'Gratiana', 'de Mendoza', '2010-04-06', 'nF8AmL\(~nqY}WG');
insert into Users (UserID, Username, FirstName, LastName, DateOfBirth, Password) values (42, 'ntreherne15', 'Nickolaus', 'Treherne', '1994-05-14', 'pB0Zt#T2}Iq');
insert into Users (UserID, Username, FirstName, LastName, DateOfBirth, Password) values (43, 'svalencia16', 'Shurwood', 'Valencia', '2000-03-16', 'nS3U2,n''Rj"m|');
insert into Users (UserID, Username, FirstName, LastName, DateOfBirth, Password) values (44, 'abernhard17', 'Analise', 'Bernhard', '2014-06-25', 'aA3,Loarz+H/''x');
insert into Users (UserID, Username, FirstName, LastName, DateOfBirth, Password) values (45, 'lballantine18', 'Lacy', 'Ballantine', '1999-12-29', 'dP0$6U65BF+lfg~i');
insert into Users (UserID, Username, FirstName, LastName, DateOfBirth, Password) values (46, 'kgrigolli19', 'Kile', 'Grigolli', '2005-02-20', 'aE9aqHe.jC');
insert into Users (UserID, Username, FirstName, LastName, DateOfBirth, Password) values (47, 'oshakshaft1a', 'Opaline', 'Shakshaft', '2004-08-30', 'kM0`$Z7b');
insert into Users (UserID, Username, FirstName, LastName, DateOfBirth, Password) values (48, 'awhatford1b', 'Adda', 'Whatford', '1991-01-07', 'pE3z/+qr.t2n0G');
insert into Users (UserID, Username, FirstName, LastName, DateOfBirth, Password) values (49, 'nwindridge1c', 'Nyssa', 'Windridge', '2006-08-28', 'gB6*<YJ+o6YfWER');
insert into Users (UserID, Username, FirstName, LastName, DateOfBirth, Password) values (50, 'nherety1d', 'Nikolaus', 'Herety', '1996-03-03', 'fN4r{+V~(WRf4X''O');
insert into Users (UserID, Username, FirstName, LastName, DateOfBirth, Password) values (51, 'hmengo1e', 'Helena', 'Mengo', '2007-09-18', 'iR3?6Fe9`)Frc');
insert into Users (UserID, Username, FirstName, LastName, DateOfBirth, Password) values (52, 'gpearl1f', 'Glenden', 'Pearl', '2009-07-05', 'hB0L\tMx*eZ');
insert into Users (UserID, Username, FirstName, LastName, DateOfBirth, Password) values (53, 'sdobrowolski1g', 'Sophi', 'Dobrowolski', '1991-11-05', 'oJ9@PC%5q');
insert into Users (UserID, Username, FirstName, LastName, DateOfBirth, Password) values (54, 'kaspinal1h', 'Kasper', 'Aspinal', '1995-12-28', 'qV4}9*W9ei.>');
insert into Users (UserID, Username, FirstName, LastName, DateOfBirth, Password) values (55, 'kdellenty1i', 'Karlen', 'Dellenty', '1993-09-03', 'wD2w_#2LK.u,X');
insert into Users (UserID, Username, FirstName, LastName, DateOfBirth, Password) values (56, 'mdear1j', 'Melosa', 'Dear', '2014-08-17', 'bD7MI+}iOYKi');
insert into Users (UserID, Username, FirstName, LastName, DateOfBirth, Password) values (57, 'cshoosmith1k', 'Clary', 'Shoosmith', '2000-12-18', 'jW7>lB{%B''c5|Cus');
insert into Users (UserID, Username, FirstName, LastName, DateOfBirth, Password) values (58, 'taxtonne1l', 'Tallia', 'Axtonne', '2002-07-22', 'eV5FY155Vf>3');
insert into Users (UserID, Username, FirstName, LastName, DateOfBirth, Password) values (59, 'ghayer1m', 'Grace', 'Hayer', '1999-01-14', 'nG7Jpm3P+tSjU');
insert into Users (UserID, Username, FirstName, LastName, DateOfBirth, Password) values (60, 'apatesel1n', 'Alla', 'Patesel', '1996-10-29', 'qX38jX~_H');
insert into Users (UserID, Username, FirstName, LastName, DateOfBirth, Password) values (61, 'fproppers1o', 'Fawn', 'Proppers', '2013-06-12', 'uV0n?>6`$L');
insert into Users (UserID, Username, FirstName, LastName, DateOfBirth, Password) values (62, 'chayller1p', 'Corenda', 'Hayller', '1992-04-01', 'eB6XB@)IeK');
insert into Users (UserID, Username, FirstName, LastName, DateOfBirth, Password) values (63, 'acocker1q', 'Aggy', 'Cocker', '2012-04-10', 'wA2c(IYyK9faGw');
insert into Users (UserID, Username, FirstName, LastName, DateOfBirth, Password) values (64, 'kharmston1r', 'Krissie', 'Harmston', '2006-02-10', 'nB9n|1HjbXIGpt&');
insert into Users (UserID, Username, FirstName, LastName, DateOfBirth, Password) values (65, 'cwescott1s', 'Chase', 'Wescott', '2003-06-18', 'jS5OD7''%Jy');
insert into Users (UserID, Username, FirstName, LastName, DateOfBirth, Password) values (66, 'tcunney1t', 'Talia', 'Cunney', '1991-08-15', 'fW1H~#X{(8*/+n*');
insert into Users (UserID, Username, FirstName, LastName, DateOfBirth, Password) values (67, 'fgathercoal1u', 'Fidel', 'Gathercoal', '2007-05-24', 'uW8}zF''e(@@G');
insert into Users (UserID, Username, FirstName, LastName, DateOfBirth, Password) values (68, 'emardy1v', 'Elyn', 'Mardy', '1990-09-20', 'aY0J.f|D%a7{V3>');
insert into Users (UserID, Username, FirstName, LastName, DateOfBirth, Password) values (69, 'ggretton1w', 'Giavani', 'Gretton', '2011-12-20', 'jO1l*S}R2Mr''*');
insert into Users (UserID, Username, FirstName, LastName, DateOfBirth, Password) values (70, 'tpepye1x', 'Trenna', 'Pepye', '1995-05-13', 'uB5pc|T0sB(q@J');
insert into Users (UserID, Username, FirstName, LastName, DateOfBirth, Password) values (71, 'wtilston1y', 'Winny', 'Tilston', '1992-04-14', 'jR7&V*zrcwd&r}V');
insert into Users (UserID, Username, FirstName, LastName, DateOfBirth, Password) values (72, 'pstollberger1z', 'Pedro', 'Stollberger', '2010-03-06', 'kP1FP0au+(.Dgc=');
insert into Users (UserID, Username, FirstName, LastName, DateOfBirth, Password) values (73, 'bgauntlett20', 'Bettye', 'Gauntlett', '1991-05-25', 'qO1#f=Ob');
insert into Users (UserID, Username, FirstName, LastName, DateOfBirth, Password) values (74, 'bcallaghan21', 'Babbette', 'Callaghan', '2013-07-16', 'nD8${X''7+XT_ef4,');
insert into Users (UserID, Username, FirstName, LastName, DateOfBirth, Password) values (75, 'btolson22', 'Babbette', 'Tolson', '2003-02-03', 'kY0IL0n5E"qg>I');
insert into Users (UserID, Username, FirstName, LastName, DateOfBirth, Password) values (76, 'cwaddup23', 'Colver', 'Waddup', '2000-06-11', 'pH3E78UT');
insert into Users (UserID, Username, FirstName, LastName, DateOfBirth, Password) values (77, 'alusgdin24', 'Alanah', 'Lusgdin', '1996-03-20', 'kC3&fM3Fin~');
insert into Users (UserID, Username, FirstName, LastName, DateOfBirth, Password) values (78, 'escini25', 'Eleni', 'Scini', '2005-01-10', 'tO1!xjT6!LL=M(KT');
insert into Users (UserID, Username, FirstName, LastName, DateOfBirth, Password) values (79, 'aledgister26', 'Allen', 'Ledgister', '2005-11-04', 'rV0=ylqmQ.');
insert into Users (UserID, Username, FirstName, LastName, DateOfBirth, Password) values (80, 'apontefract27', 'Arabela', 'Pontefract', '1994-09-30', 'rC7b`1Kf');
insert into Users (UserID, Username, FirstName, LastName, DateOfBirth, Password) values (81, 'efenix28', 'Eadith', 'Fenix', '2003-01-01', 'qP0zPM?+ihsd#t)');
insert into Users (UserID, Username, FirstName, LastName, DateOfBirth, Password) values (82, 'omcquilliam29', 'Orsola', 'McQuilliam', '1991-09-25', 'jB6njA~N.j1FP|');
insert into Users (UserID, Username, FirstName, LastName, DateOfBirth, Password) values (83, 'aboatswain2a', 'Aretha', 'Boatswain', '2010-03-21', 'oY9''a2Ro`je+7mD');
insert into Users (UserID, Username, FirstName, LastName, DateOfBirth, Password) values (84, 'mreddie2b', 'Maridel', 'Reddie', '1994-03-14', 'hX5Ze+`*x,)Tva');
insert into Users (UserID, Username, FirstName, LastName, DateOfBirth, Password) values (85, 'rclaasen2c', 'Rivalee', 'Claasen', '1998-07-31', 'wG1(}g,(7vw{''');
insert into Users (UserID, Username, FirstName, LastName, DateOfBirth, Password) values (86, 'hplewman2d', 'Hillyer', 'Plewman', '2008-10-07', 'vJ62K/fd$Z');
insert into Users (UserID, Username, FirstName, LastName, DateOfBirth, Password) values (87, 'temloch2e', 'Tallie', 'Emloch', '2009-02-06', 'oT2zzKG_?b,IPpO7');
insert into Users (UserID, Username, FirstName, LastName, DateOfBirth, Password) values (88, 'piacovolo2f', 'Philomena', 'Iacovolo', '2012-09-01', 'jU8D}V<+|Q8HCjk');
insert into Users (UserID, Username, FirstName, LastName, DateOfBirth, Password) values (89, 'cgarrattley2g', 'Cecilius', 'Garrattley', '1998-06-23', 'jC8\W!X&=u7wQs');
insert into Users (UserID, Username, FirstName, LastName, DateOfBirth, Password) values (90, 'ckealey2h', 'Cinda', 'Kealey', '2006-09-11', 'tS0Yo@3x\0');
insert into Users (UserID, Username, FirstName, LastName, DateOfBirth, Password) values (91, 'zbloxsum2i', 'Zola', 'Bloxsum', '2003-06-09', 'bF3$R3&IsF~b5');
insert into Users (UserID, Username, FirstName, LastName, DateOfBirth, Password) values (92, 'rmcdougal2j', 'Raddie', 'McDougal', '1994-02-02', 'mT4LKzvC');
insert into Users (UserID, Username, FirstName, LastName, DateOfBirth, Password) values (93, 'cspiers2k', 'Carroll', 'Spiers', '2001-03-26', 'jA5Ry7Nc6#');
insert into Users (UserID, Username, FirstName, LastName, DateOfBirth, Password) values (94, 'wparsonage2l', 'Willard', 'Parsonage', '1994-02-18', 'vW5fbae)tJ');
insert into Users (UserID, Username, FirstName, LastName, DateOfBirth, Password) values (95, 'onazer2m', 'Odo', 'Nazer', '2008-04-16', 'dO9j)K=qHs');
insert into Users (UserID, Username, FirstName, LastName, DateOfBirth, Password) values (96, 'anovic2n', 'Abrahan', 'Novic', '2003-06-09', 'bL8uda\>');
insert into Users (UserID, Username, FirstName, LastName, DateOfBirth, Password) values (97, 'mduddy2o', 'Merell', 'Duddy', '2000-09-03', 'oQ3k_dZsq');
insert into Users (UserID, Username, FirstName, LastName, DateOfBirth, Password) values (98, 'bdallow2p', 'Ben', 'Dallow', '2012-12-25', 'mV6T{YA@');
insert into Users (UserID, Username, FirstName, LastName, DateOfBirth, Password) values (99, 'ryeiles2q', 'Rodie', 'Yeiles', '1991-11-12', 'bV79$}6o`J_');
insert into Users (UserID, Username, FirstName, LastName, DateOfBirth, Password) values (100, 'bwasselin2r', 'Burl', 'Wasselin', '1992-11-18', 'mC5jX{eMM0IE+e');
insert into Users (UserID, Username, FirstName, LastName, DateOfBirth, Password) values (101, 'golennane2s', 'Granville', 'O''Lennane', '2013-10-21', 'fW1ybOyZ$~+wNh');
insert into Users (UserID, Username, FirstName, LastName, DateOfBirth, Password) values (102, 'lromaint2t', 'Lin', 'Romaint', '2001-10-28', 'bP1$aA&=r!aU${');
insert into Users (UserID, Username, FirstName, LastName, DateOfBirth, Password) values (103, 'ilemmertz2u', 'Ikey', 'Lemmertz', '2001-02-17', 'qV4/9,SE(sQ?$');
insert into Users (UserID, Username, FirstName, LastName, DateOfBirth, Password) values (104, 'granvoise2v', 'Gipsy', 'Ranvoise', '1990-03-27', 'oE7Zivyv');
insert into Users (UserID, Username, FirstName, LastName, DateOfBirth, Password) values (105, 'cpeterken2w', 'Christiana', 'Peterken', '1999-11-21', 'vB1lSXT|V1');
insert into Users (UserID, Username, FirstName, LastName, DateOfBirth, Password) values (106, 'tmepham2x', 'Tobie', 'Mepham', '1990-01-23', 'yD9e0kn1L');
insert into Users (UserID, Username, FirstName, LastName, DateOfBirth, Password) values (107, 'gbryett2y', 'Grover', 'Bryett', '1994-01-13', 'tS9u!6p|t7tuQV''');
insert into Users (UserID, Username, FirstName, LastName, DateOfBirth, Password) values (108, 'aseydlitz2z', 'Angy', 'Seydlitz', '2007-04-23', 'gV88@#5l$4T');
insert into Users (UserID, Username, FirstName, LastName, DateOfBirth, Password) values (109, 'naps30', 'Niall', 'Aps', '2012-11-28', 'pH1m>H5d8A`9H');
insert into Users (UserID, Username, FirstName, LastName, DateOfBirth, Password) values (110, 'llakes31', 'Larine', 'Lakes', '1994-04-30', 'pS80K0Atu');
insert into Users (UserID, Username, FirstName, LastName, DateOfBirth, Password) values (111, 'bradloff32', 'Bianka', 'Radloff', '2003-09-22', 'lE9R(BN18C<#HGT');
insert into Users (UserID, Username, FirstName, LastName, DateOfBirth, Password) values (112, 'elauga33', 'Emilia', 'Lauga', '2007-02-15', 'gG5DYSV//~P');
insert into Users (UserID, Username, FirstName, LastName, DateOfBirth, Password) values (113, 'nhainey34', 'Nicky', 'Hainey`', '1991-02-28', 'bH4NRp3tO.%QW#"');
insert into Users (UserID, Username, FirstName, LastName, DateOfBirth, Password) values (114, 'rscollan35', 'Rog', 'Scollan', '2007-11-26', 'jV0E/6Ot.ItHA\t');
insert into Users (UserID, Username, FirstName, LastName, DateOfBirth, Password) values (115, 'dgofton36', 'Dion', 'Gofton', '2012-08-16', 'iC7JvK<O<L8');
insert into Users (UserID, Username, FirstName, LastName, DateOfBirth, Password) values (116, 'cjumeau37', 'Chrissy', 'Jumeau', '2013-03-19', 'cG0=277%kOH');
insert into Users (UserID, Username, FirstName, LastName, DateOfBirth, Password) values (117, 'bmuffitt38', 'Bryon', 'Muffitt', '1999-09-12', 'nK0Q9e6)');
insert into Users (UserID, Username, FirstName, LastName, DateOfBirth, Password) values (118, 'mpaulmann39', 'Maury', 'Paulmann', '1990-01-30', 'lV1DXDhI5Eikg');
insert into Users (UserID, Username, FirstName, LastName, DateOfBirth, Password) values (119, 'ltownrow3a', 'Liam', 'Townrow', '1999-02-11', 'qB3Uyxxq2JJfPEX&');
insert into Users (UserID, Username, FirstName, LastName, DateOfBirth, Password) values (120, 'gmcdermid3b', 'Glenna', 'McDermid', '1990-11-22', 'yO3NDDj`Wgi9fH');
insert into Users (UserID, Username, FirstName, LastName, DateOfBirth, Password) values (121, 'pgilberthorpe3c', 'Pansie', 'Gilberthorpe', '1994-10-05', 'dG2H#rp_NgrBo');
insert into Users (UserID, Username, FirstName, LastName, DateOfBirth, Password) values (122, 'lmacbarron3d', 'Laurette', 'MacBarron', '2009-08-22', 'yW2hX4fs5un3A');
insert into Users (UserID, Username, FirstName, LastName, DateOfBirth, Password) values (123, 'htrousdell3e', 'Hynda', 'Trousdell', '2003-11-09', 'sC8<oWRB8*');
insert into Users (UserID, Username, FirstName, LastName, DateOfBirth, Password) values (124, 'pbernardotti3f', 'Pearline', 'Bernardotti', '2003-04-08', 'rO1i8L&p3');
insert into Users (UserID, Username, FirstName, LastName, DateOfBirth, Password) values (125, 'pcocks3g', 'Pippo', 'Cocks', '2002-11-30', 'oA5a3y?ey5Qh');
insert into Users (UserID, Username, FirstName, LastName, DateOfBirth, Password) values (126, 'sfelstead3h', 'Shelby', 'Felstead', '2001-03-23', 'eY0Av)TZe2<x01');
insert into Users (UserID, Username, FirstName, LastName, DateOfBirth, Password) values (127, 'csavile3i', 'Cristian', 'Savile', '2005-07-25', 'mS6ZZxrx7=XbUuPI');
insert into Users (UserID, Username, FirstName, LastName, DateOfBirth, Password) values (128, 'rpech3j', 'Rowney', 'Pech', '2010-11-05', 'fX8IsX)uEO6utP');
insert into Users (UserID, Username, FirstName, LastName, DateOfBirth, Password) values (129, 'cfautley3k', 'Casey', 'Fautley', '2014-05-10', 'hA0Bee78(jn');
insert into Users (UserID, Username, FirstName, LastName, DateOfBirth, Password) values (130, 'hwomack3l', 'Harvey', 'Womack', '1997-06-03', 'bA4tZY"%{?');
insert into Users (UserID, Username, FirstName, LastName, DateOfBirth, Password) values (131, 'mslaughter3m', 'Mahala', 'Slaughter', '2003-03-06', 'nC0s1YDACQ,Ly32');
insert into Users (UserID, Username, FirstName, LastName, DateOfBirth, Password) values (132, 'rconnerly3n', 'Roderigo', 'Connerly', '1997-12-15', 'zR6Esa\G7r#?wyNg');
insert into Users (UserID, Username, FirstName, LastName, DateOfBirth, Password) values (133, 'clalor3o', 'Collen', 'Lalor', '2004-06-25', 'aD22$Dv*!Y');
insert into Users (UserID, Username, FirstName, LastName, DateOfBirth, Password) values (134, 'sgrzegorczyk3p', 'Sylas', 'Grzegorczyk', '2012-12-16', 'nO3Evg$XXO,B');
insert into Users (UserID, Username, FirstName, LastName, DateOfBirth, Password) values (135, 'crose3q', 'Carine', 'Rose', '2004-08-22', 'pV2X}*Qr)v\&');
insert into Users (UserID, Username, FirstName, LastName, DateOfBirth, Password) values (136, 'jrarity3r', 'Jereme', 'Rarity', '2007-12-17', 'vB4z<Ab{zwd>0GS/');
insert into Users (UserID, Username, FirstName, LastName, DateOfBirth, Password) values (137, 'gmeanwell3s', 'Gav', 'Meanwell', '1994-05-25', 'xL9qmo)d=0pNaG4?');
insert into Users (UserID, Username, FirstName, LastName, DateOfBirth, Password) values (138, 'gfirman3t', 'Gonzalo', 'Firman', '1990-02-18', 'tT57~1k(L*7tqbn0');
insert into Users (UserID, Username, FirstName, LastName, DateOfBirth, Password) values (139, 'twoodage3u', 'Thaxter', 'Woodage', '1990-06-07', 'eZ1)!n=AM)){PX`n');
insert into Users (UserID, Username, FirstName, LastName, DateOfBirth, Password) values (140, 'plovatt3v', 'Petr', 'Lovatt', '2002-01-29', 'cZ8''2>}bUAS4`');
insert into Users (UserID, Username, FirstName, LastName, DateOfBirth, Password) values (141, 'obraunroth3w', 'Osbourn', 'Braunroth', '2011-03-01', 'gC5~@{9C"');
insert into Users (UserID, Username, FirstName, LastName, DateOfBirth, Password) values (142, 'besberger3x', 'Bradly', 'Esberger', '1999-03-14', 'jP2.ML/}|<F');
insert into Users (UserID, Username, FirstName, LastName, DateOfBirth, Password) values (143, 'lhughes3y', 'Lionel', 'Hughes', '1996-08-03', 'lH5C.*\j2Nxmm\(');
insert into Users (UserID, Username, FirstName, LastName, DateOfBirth, Password) values (144, 'gdyter3z', 'Gabriell', 'Dyter', '1990-01-30', 'lR8JkdKCt''Q');
insert into Users (UserID, Username, FirstName, LastName, DateOfBirth, Password) values (145, 'sfulmen40', 'Staford', 'Fulmen', '1998-11-14', 'qR9@p``&');
insert into Users (UserID, Username, FirstName, LastName, DateOfBirth, Password) values (146, 'rmanifould41', 'Russell', 'Manifould', '2002-06-02', 'eF3dL\gY\C+UM');
insert into Users (UserID, Username, FirstName, LastName, DateOfBirth, Password) values (147, 'lchillingworth42', 'Leeland', 'Chillingworth', '2003-05-24', 'cK4Xdyvbs0<6*F');
insert into Users (UserID, Username, FirstName, LastName, DateOfBirth, Password) values (148, 'abech43', 'Alessandra', 'Bech', '1996-05-27', 'gO1FHRffcQ(9jR*_');
insert into Users (UserID, Username, FirstName, LastName, DateOfBirth, Password) values (149, 'kpoacher44', 'Kendrick', 'Poacher', '2011-10-18', 'wA7q$iK{TM5!');
insert into Users (UserID, Username, FirstName, LastName, DateOfBirth, Password) values (150, 'dhanham45', 'Dinah', 'Hanham', '2008-11-30', 'vI3t"zhTUvF29C');
insert into Users (UserID, Username, FirstName, LastName, DateOfBirth, Password) values (151, 'hdaouze46', 'Homer', 'Daouze', '1998-12-11', 'rN7SyX@(');
insert into Users (UserID, Username, FirstName, LastName, DateOfBirth, Password) values (152, 'eboyles47', 'Ede', 'Boyles', '2012-06-06', 'jL8<Tno&8>m');
insert into Users (UserID, Username, FirstName, LastName, DateOfBirth, Password) values (153, 'tkirkam48', 'Timmie', 'Kirkam', '2013-12-11', 'cK6I?|,Diz)eonRB');
insert into Users (UserID, Username, FirstName, LastName, DateOfBirth, Password) values (154, 'hscammell49', 'Hamlen', 'Scammell', '2002-04-13', 'pN6!t@N<HF@<');
insert into Users (UserID, Username, FirstName, LastName, DateOfBirth, Password) values (155, 'lbonanno4a', 'Livy', 'Bonanno', '2013-01-19', 'kC1o''_*d');
insert into Users (UserID, Username, FirstName, LastName, DateOfBirth, Password) values (156, 'tlithgow4b', 'Tadd', 'Lithgow', '2001-08-22', 'lC1W%*ONQI}4');
insert into Users (UserID, Username, FirstName, LastName, DateOfBirth, Password) values (157, 'ehakeworth4c', 'Earlie', 'Hakeworth', '2012-09-04', 'cY0KY"Ii@/_');
insert into Users (UserID, Username, FirstName, LastName, DateOfBirth, Password) values (158, 'bwoodyeare4d', 'Blanca', 'Woodyeare', '1999-05-01', 'cP2&L#S3La');
insert into Users (UserID, Username, FirstName, LastName, DateOfBirth, Password) values (159, 'awattinham4e', 'Arvy', 'Wattinham', '2003-02-02', 'nH0h#I5&"');
insert into Users (UserID, Username, FirstName, LastName, DateOfBirth, Password) values (160, 'bbraidon4f', 'Bran', 'Braidon', '1991-01-21', 'oQ46YvV#~u');
insert into Users (UserID, Username, FirstName, LastName, DateOfBirth, Password) values (161, 'dtott4g', 'Demetri', 'Tott', '1998-06-22', 'kC5HMn7kVAsk');
insert into Users (UserID, Username, FirstName, LastName, DateOfBirth, Password) values (162, 'bwride4h', 'Bunnie', 'Wride', '2011-12-28', 'vB4_L0KWEgPIk%6');
insert into Users (UserID, Username, FirstName, LastName, DateOfBirth, Password) values (163, 'mpudner4i', 'Merle', 'Pudner', '1999-07-26', 'kH9aO!jX\');
insert into Users (UserID, Username, FirstName, LastName, DateOfBirth, Password) values (164, 'jmacculloch4j', 'Jillian', 'MacCulloch', '1993-11-02', 'lL432b%5R''}9H5N');
insert into Users (UserID, Username, FirstName, LastName, DateOfBirth, Password) values (165, 'mchstney4k', 'Miguelita', 'Chstney', '2007-06-22', 'dS5bJmWmY+T%DlLX');
insert into Users (UserID, Username, FirstName, LastName, DateOfBirth, Password) values (166, 'mwagen4l', 'Michale', 'Wagen', '1995-01-20', 'mT2j*r~l(5RHme');
insert into Users (UserID, Username, FirstName, LastName, DateOfBirth, Password) values (167, 'rmaccrachen4m', 'Rivalee', 'MacCrachen', '2002-04-11', 'qZ0e%D%Fm');
insert into Users (UserID, Username, FirstName, LastName, DateOfBirth, Password) values (168, 'caubery4n', 'Colver', 'Aubery', '1991-01-20', 'gJ88\''k2B|1w');
insert into Users (UserID, Username, FirstName, LastName, DateOfBirth, Password) values (169, 'apiotrowski4o', 'Arvie', 'Piotrowski', '2006-09-16', 'dO6+!2~wGt~)');
insert into Users (UserID, Username, FirstName, LastName, DateOfBirth, Password) values (170, 'dcaldicott4p', 'Didi', 'Caldicott', '2010-05-14', 'eA1Hp2?<x}F');
insert into Users (UserID, Username, FirstName, LastName, DateOfBirth, Password) values (171, 'aecles4q', 'Alayne', 'Ecles', '1994-08-03', 'kL1v)1DebY');
insert into Users (UserID, Username, FirstName, LastName, DateOfBirth, Password) values (172, 'mrogan4r', 'Marwin', 'Rogan', '2014-03-11', 'wB22YkP$X');
insert into Users (UserID, Username, FirstName, LastName, DateOfBirth, Password) values (173, 'lbleakman4s', 'Lucine', 'Bleakman', '2004-06-24', 'wW2P{6\)#x7e''~q');
insert into Users (UserID, Username, FirstName, LastName, DateOfBirth, Password) values (174, 'bdabnor4t', 'Booth', 'Dabnor', '2007-02-03', 'gK1l{Mb6Y');
insert into Users (UserID, Username, FirstName, LastName, DateOfBirth, Password) values (175, 'mpargeter4u', 'Molly', 'Pargeter', '1996-01-04', 'zV3PBB~,/5#)hD');
